,0
0,"182 32nd Ave, San Francisco, CA 94121 "
1,5 beds
2,3.5 baths
3,"4,700 sqft"
4," $6,750,000  "
5, 07/11/18  
6,Single Family
7,1916
8,Forced air
9,None
10,2 spaces
11,"3,598 sqft"
12,"3981 Alemany Blvd APT 219, San Francisco, CA 94132 "
13,2 beds
14,2 baths
15,968 sqft
16," $800,000  "
17, 07/10/18  
18,Condo
19,2002
20,Forced air
21,Central
22,No Data
23,$497/month
24,"225 Bay St APT 203, San Francisco, CA 94133 "
25,2 beds
26,2 baths
27,850 sqft
28," $930,000  "
29, 07/10/18  
30,Condo
31,1979
32,No Data
33,No Data
34,No Data
35,$448/month
36,"1542 24th Ave, San Francisco, CA 94122 "
37,2 beds
38,1 bath
39,"1,500 sqft"
40," $1,575,000  "
41, 07/10/18  
42,Single Family
43,1939
44,Other
45,Central
46,2 spaces
47,"3,049 sqft"
48,"1846 43rd Ave, San Francisco, CA 94122 "
49,3 beds
50,1 bath
51,"1,214 sqft"
52," $1,159,900  "
53, 07/10/18  
54,Single Family
55,1945
56,Forced air
57,Central
58,No Data
59,"3,049 sqft"
60,"855 Folsom St APT 940, San Francisco, CA 94107 "
61,1 bed
62,2 baths
63,"1,050 sqft"
64," $1,075,000  "
65, 07/10/18  
66,Condo
67,2001
68,No Data
69,No Data
70,1 space
71,$533/month
72,"92 Cameo Way, San Francisco, CA 94131 "
73,Studio
74,-- baths
75,"3,480 sqft"
76," $2,350,000  "
77, 07/10/18  
78,Multi Family
79,1965
80,Forced air
81,Central
82,No Data
83,No Data
84,"4225 Cesar Chavez St, San Francisco, CA 94131 "
85,6 beds
86,6 baths
87,"3,964 sqft"
88," $1,870,000  "
89, 07/09/18  
90,Multi Family
91,No Data
92,No Data
93,No Data
94,No Data
95,No Data
96,"650 Mangels Ave, San Francisco, CA 94127 "
97,3 beds
98,3 baths
99,"1,686 sqft"
100," $1,425,000  "
101, 07/09/18  
102,Single Family
103,1900
104,Forced air
105,Central
106,Detached Garage
107,"2,495 sqft"
108,"1507 Noe St, San Francisco, CA 94131 "
109,4 beds
110,3.5 baths
111,"3,400 sqft"
112," $4,500,000  "
113, 07/09/18  
114,Single Family
115,1912
116,Forced air
117,No Data
118,2 spaces
119,"2,831 sqft"
120,"333 Bush St APT 4101, San Francisco, CA 94104 "
121,2 beds
122,2 baths
123,"1,250 sqft"
124," $1,499,000  "
125, 07/09/18  
126,Condo
127,1987
128,Baseboard
129,No Data
130,Attached Garage
131,$1311/month
132,"1000 3rd #907, San Francisco, CA 94158 "
133,1 bed
134,2 baths
135,"1,000 sqft"
136," $1,360,600  "
137, 07/09/18  
138,Condo
139,No Data
140,No Data
141,No Data
142,No Data
143,No Data
144,"31 Verna St, San Francisco, CA 94127 "
145,2 beds
146,1 bath
147,"1,086 sqft"
148," $1,250,000  "
149, 07/09/18  
150,Single Family
151,1959
152,Forced air
153,No Data
154,2 spaces
155,"2,661 sqft"
156,"250 King St UNIT 1512, San Francisco, CA 94107 "
157,1 bed
158,1 bath
159,888 sqft
160," $1,000,000  "
161, 07/06/18  
162,Condo
163,2004
164,No Data
165,No Data
166,No Data
167,No Data
168,"1160 Mission St UNIT 1711, San Francisco, CA 94103 "
169,1 bed
170,1 bath
171,765 sqft
172," $840,000  "
173, 07/06/18  
174,Condo
175,2008
176,No Data
177,No Data
178,No Data
179,$708/month
180,"99 Rausch #320, San Francisco, CA 94103 "
181,Studio
182,1 bath
183,410 sqft
184," $619,000  "
185, 07/06/18  
186,Condo
187,No Data
188,No Data
189,No Data
190,No Data
191,No Data
192,"178 Ripley St, San Francisco, CA 94110 "
193,3 beds
194,3 baths
195,"1,875 sqft"
196," $2,800,000  "
197, 07/06/18  
198,Single Family
199,1990
200,Forced air
201,Central
202,3 spaces
203,"2,178 sqft"
204,"539 5th Ave, San Francisco, CA 94118 "
205,3 beds
206,2 baths
207,-- sqft
208," $1,700,000  "
209, 07/06/18  
210,Single Family
211,1907
212,No Data
213,No Data
214,No Data
215,"3,001 sqft"
216,"301 Crescent Ct APT 3217, San Francisco, CA 94134 "
217,1 bed
218,1 bath
219,807 sqft
220," $460,285  "
221, 07/06/18  
222,Condo
223,2007
224,Forced air
225,Central
226,No Data
227,$399/month
228,"17 Mallorca Way, San Francisco, CA 94123 "
229,2 beds
230,2 baths
231,"1,226 sqft"
232," $1,375,000  "
233, 07/06/18  
234,Condo
235,1924
236,Forced air
237,Central
238,1 space
239,$215/month
240,"100 Parker Ave UNIT 205, San Francisco, CA 94118 "
241,1 bed
242,1 bath
243,884 sqft
244," $950,000  "
245, 06/19/18  
246,Condo
247,1929
248,No Data
249,No Data
250,1 space
251,$439/month
252,"3983 25th St, San Francisco, CA 94114 "
253,2 beds
254,3 baths
255,"1,093 sqft"
256," $1,650,000  "
257, 06/18/18  
258,Condo
259,1906
260,Forced air
261,None
262,1 space
263,No Data
264,"179 14th Ave, San Francisco, CA 94118 "
265,4 beds
266,3 baths
267,"3,193 sqft"
268," $3,700,000  "
269, 06/18/18  
270,Single Family
271,1900
272,Forced air
273,Central
274,Attached Garage
275,"3,188 sqft"
276,"3615 Buchanan St APT 206, San Francisco, CA 94123 "
277,2 beds
278,2 baths
279,"1,338 sqft"
280," $1,525,000  "
281, 06/18/18  
282,Condo
283,1990
284,No Data
285,No Data
286,1 space
287,$560/month
288,"783 9th Ave, San Francisco, CA 94118 "
289,2 beds
290,1 bath
291,"1,310 sqft"
292," $1,425,000  "
293, 06/18/18  
294,Single Family
295,1916
296,No Data
297,No Data
298,No Data
299,"2,300 sqft"
300,"1375 34th Ave, San Francisco, CA 94122 "
301,2 beds
302,2 baths
303,"1,425 sqft"
304," $1,480,000  "
305, 06/18/18  
306,Single Family
307,1926
308,No Data
309,No Data
310,2 spaces
311,"2,996 sqft"
312,"580 Hayes #206, San Francisco, CA 94102 "
313,2 beds
314,2 baths
315,"1,195 sqft"
316," $1,600,000  "
317, 06/17/18  
318,Condo
319,2018
320,No Data
321,No Data
322,No Data
323,$726/month
324,"2070 18th Ave, San Francisco, CA 94116 "
325,4 beds
326,3 baths
327,"2,300 sqft"
328," $2,010,000  "
329, 06/15/18  
330,Single Family
331,1937
332,Forced air
333,Solar
334,1 space
335,"3,001 sqft"
336,"3933 25th St, San Francisco, CA 94114 "
337,2 beds
338,1 bath
339,"1,135 sqft"
340," $1,350,000  "
341, 06/15/18  
342,Apartment
343,1895
344,No Data
345,No Data
346,1 space
347,No Data
348,"3058 Polk St # 2, San Francisco, CA 94109 "
349,3 beds
350,2 baths
351,"1,385 sqft"
352," $1,420,000  "
353, 06/15/18  
354,Condo
355,1989
356,Forced air
357,No Data
358,Attached Garage
359,$600/month
360,"159 Clifford Ter, San Francisco, CA 94117 "
361,2 beds
362,2 baths
363,"1,000 sqft"
364," $1,235,000  "
365, 06/25/18  
366,Condo
367,1926
368,No Data
369,No Data
370,None
371,$345/month
372,"79 Chattanooga St, San Francisco, CA 94114 "
373,3 beds
374,3.5 baths
375,"2,016 sqft"
376," $2,800,000  "
377, 06/25/18  
378,Condo
379,1887
380,No Data
381,No Data
382,Detached Garage
383,No Data
384,"1879 23rd Ave, San Francisco, CA 94122 "
385,4 beds
386,3 baths
387,"1,800 sqft"
388," $1,720,000  "
389, 06/22/18  
390,Single Family
391,1938
392,No Data
393,No Data
394,No Data
395,"3,000 sqft"
396,"432 Collingwood St, San Francisco, CA 94114 "
397,Studio
398,-- baths
399,"1,525 sqft"
400," $1,550,000  "
401, 06/22/18  
402,Multi Family
403,1900
404,No Data
405,No Data
406,Attached Garage
407,No Data
408,"225 26th Ave # 1, San Francisco, CA 94121 "
409,4 beds
410,4 baths
411,"2,031 sqft"
412," $1,850,000  "
413, 06/21/18  
414,Condo
415,2001
416,Forced air
417,No Data
418,1 space
419,$339/month
420,"1443 Francisco St, San Francisco, CA 94123 "
421,2 beds
422,1 bath
423,"1,270 sqft"
424," $1,625,000  "
425, 06/20/18  
426,Condo
427,1923
428,Forced air
429,Central
430,1 space
431,$375/month
432,"1631 Pierce St, San Francisco, CA 94115 "
433,3 beds
434,3 baths
435,"1,397 sqft"
436," $1,700,000  "
437, 06/20/18  
438,Condo
439,1900
440,No Data
441,No Data
442,1 space
443,$767/month
444,"75 Starview Way, San Francisco, CA 94131 "
445,4 beds
446,2 baths
447,"1,730 sqft"
448," $1,866,000  "
449, 06/20/18  
450,Single Family
451,1956
452,No Data
453,No Data
454,No Data
455,"3,628 sqft"
456,"180 Noe St, San Francisco, CA 94114 "
457,3 beds
458,1.5 baths
459,"1,407 sqft"
460," $1,535,000  "
461, 06/20/18  
462,Condo
463,1890
464,Forced air
465,No Data
466,No Data
467,No Data
468,"4205 Cesar Chavez St APT 1, San Francisco, CA 94131 "
469,2 beds
470,1 bath
471,-- sqft
472," $1,050,000  "
473, 06/19/18  
474,Condo
475,1974
476,No Data
477,No Data
478,1 space
479,$286/month
480,"18 Starview Way, San Francisco, CA 94131 "
481,3 beds
482,2 baths
483,"1,362 sqft"
484," $1,460,000  "
485, 06/15/18  
486,Single Family
487,1956
488,Forced air
489,Central
490,1 space
491,"3,323 sqft"
492,"5003 Diamond Heights Blvd, San Francisco, CA 94131 "
493,3 beds
494,3 baths
495,"2,160 sqft"
496," $1,400,000  "
497, 06/15/18  
498,Condo
499,1979
500,No Data
501,No Data
502,2 spaces
503,$675/month
504,"6139 California St, San Francisco, CA 94121 "
505,3 beds
506,3 baths
507,"2,237 sqft"
508," $2,500,000  "
509, 06/15/18  
510,Single Family
511,1913
512,Forced air
513,Central
514,Attached Garage
515,"1,873 sqft"
516,"3858 Jackson St, San Francisco, CA 94118 "
517,5 beds
518,4 baths
519,"4,010 sqft"
520," $8,550,000  "
521, 06/15/18  
522,Single Family
523,1927
524,No Data
525,No Data
526,No Data
527,"2,535 sqft"
528,"2200 Sacramento St APT 102, San Francisco, CA 94115 "
529,2 beds
530,2 baths
531,"1,139 sqft"
532," $1,730,000  "
533, 06/15/18  
534,Condo
535,1964
536,No Data
537,No Data
538,Attached Garage
539,$817/month
540,"1700 Gough St # 39, San Francisco, CA 94109 "
541,1 bed
542,2 baths
543,842 sqft
544," $960,000  "
545, 06/15/18  
546,Condo
547,1980
548,No Data
549,No Data
550,1 space
551,$416/month
552,"1293 37th Ave, San Francisco, CA 94122 "
553,4 beds
554,3.5 baths
555,"2,473 sqft"
556," $2,200,000  "
557, 06/15/18  
558,Single Family
559,1913
560,No Data
561,No Data
562,Attached Garage
563,"2,374 sqft"
564,"2454 Bush St, San Francisco, CA 94115 "
565,1 bed
566,2 baths
567,"1,204 sqft"
568," $2,500,000  "
569, 06/15/18  
570,Single Family
571,1880
572,No Data
573,No Data
574,No Data
575,No Data
576,"8 Buchanan St UNIT 507, San Francisco, CA 94102 "
577,1 bed
578,1 bath
579,636 sqft
580," $805,000  "
581, 06/15/18  
582,Condo
583,2014
584,No Data
585,No Data
586,None
587,$479/month
588,"136 Grattan St, San Francisco, CA 94117 "
589,3 beds
590,2 baths
591,"2,023 sqft"
592," $1,825,000  "
593, 06/15/18  
594,Condo
595,1909
596,No Data
597,No Data
598,Attached Garage
599,No Data
600,"1800 Noreiga, Street, CA 94122 "
601,5 beds
602,2 baths
603,"2,974 sqft"
604," $1,675,000  "
605, 06/14/18  
606,Multi Family
607,No Data
608,No Data
609,No Data
610,No Data
611,No Data
612,"155 Beaver St, San Francisco, CA 94114 "
613,2 beds
614,1 bath
615,"1,035 sqft"
616," $1,150,000  "
617, 06/14/18  
618,Condo
619,1911
620,No Data
621,No Data
622,No Data
623,$200/month
624,"2110 21st Ave, San Francisco, CA 94116 "
625,2 beds
626,1 bath
627,"1,474 sqft"
628," $1,425,000  "
629, 06/14/18  
630,Single Family
631,1941
632,No Data
633,No Data
634,No Data
635,"1,624 sqft"
636,"1551 26th Ave, San Francisco, CA 94122 "
637,3 beds
638,2 baths
639,"1,405 sqft"
640," $1,705,000  "
641, 06/14/18  
642,Single Family
643,1947
644,Forced air
645,Central
646,Attached Garage
647,"3,001 sqft"
648,"700 Cabrillo St APT 3, San Francisco, CA 94118 "
649,2 beds
650,1 bath
651,"1,017 sqft"
652," $1,130,000  "
653, 06/14/18  
654,Condo
655,1908
656,Forced air
657,Central
658,1 space
659,$400/month
660,"2878 Jackson St, San Francisco, CA 94115 "
661,2 beds
662,1 bath
663,"1,360 sqft"
664," $1,400,000  "
665, 06/13/18  
666,Condo
667,1908
668,No Data
669,None
670,No Data
671,$572/month
672,"2945 Pacific Ave APT 9, San Francisco, CA 94115 "
673,1 bed
674,1 bath
675,"1,032 sqft"
676," $1,245,000  "
677, 06/13/18  
678,Condo
679,1923
680,No Data
681,No Data
682,Attached Garage
683,$825/month
684,"1450 Post St APT 716, San Francisco, CA 94109 "
685,2 beds
686,2 baths
687,"1,094 sqft"
688," $500,000  "
689, 06/13/18  
690,Condo
691,1992
692,No Data
693,No Data
694,Attached Garage
695,$6669/month
696,"2114 Divisadero St, San Francisco, CA 94115 "
697,2 beds
698,2 baths
699,"1,419 sqft"
700," $1,810,000  "
701, 06/13/18  
702,Single Family
703,1898
704,Forced air
705,None
706,Attached Garage
707,"2,178 sqft"
708,"1450 Post St APT 915, San Francisco, CA 94109 "
709,-- beds
710,-- baths
711,535 sqft
712," $925,000  "
713, 06/13/18  
714,Condo
715,1992
716,No Data
717,No Data
718,No Data
719,No Data
720,"3620 19th St APT 8, San Francisco, CA 94110 "
721,2 beds
722,2.5 baths
723,"1,537 sqft"
724," $1,620,000  "
725, 06/13/18  
726,Condo
727,2008
728,No Data
729,No Data
730,No Data
731,$557/month
732,"1800 Noriega St, San Francisco, CA 94122 "
733,Studio
734,-- baths
735,"2,974 sqft"
736," $1,675,000  "
737, 06/13/18  
738,Multi Family
739,1932
740,No Data
741,No Data
742,No Data
743,No Data
744,"2999 California St # 703, San Francisco, CA 94115 "
745,1 bed
746,1 bath
747,613 sqft
748," $730,000  "
749, 06/13/18  
750,Condo
751,1929
752,No Data
753,No Data
754,No Data
755,No Data
756,"2211 California St APT 204, San Francisco, CA 94115 "
757,Studio
758,1 bath
759,409 sqft
760," $475,000  "
761, 06/13/18  
762,Condo
763,1911
764,Baseboard
765,None
766,None
767,$514/month
768,"520 34th Ave, San Francisco, CA 94121 "
769,2 beds
770,1 bath
771,"1,300 sqft"
772," $1,200,000  "
773, 06/13/18  
774,Single Family
775,1924
776,No Data
777,No Data
778,Attached Garage
779,No Data
780,"1450 Post St APT 714, San Francisco, CA 94109 "
781,-- beds
782,-- baths
783,385 sqft
784," $500,000  "
785, 06/13/18  
786,Condo
787,1992
788,No Data
789,No Data
790,No Data
791,No Data
792,"5326 California St, San Francisco, CA 94118 "
793,5 beds
794,3.5 baths
795,"2,903 sqft"
796," $2,975,000  "
797, 06/13/18  
798,Single Family
799,1914
800,No Data
801,No Data
802,1 space
803,"2,500 sqft"
804,"1450 Post St APT 711, San Francisco, CA 94109 "
805,-- beds
806,-- baths
807,385 sqft
808," $500,000  "
809, 06/13/18  
810,Condo
811,1992
812,No Data
813,No Data
814,No Data
815,No Data
816,"2185 Bush St APT 207, San Francisco, CA 94115 "
817,1 bed
818,1 bath
819,889 sqft
820," $930,000  "
821, 06/12/18  
822,Condo
823,1984
824,No Data
825,No Data
826,Attached Garage
827,$603/month
828,"501 Noe #201, San Francisco, CA 94114 "
829,2 beds
830,2 baths
831,"1,366 sqft"
832," $1,455,000  "
833, 06/12/18  
834,Condo
835,No Data
836,No Data
837,No Data
838,No Data
839,No Data
840,"1359 Scott St, San Francisco, CA 94115 "
841,2 beds
842,2 baths
843,"1,351 sqft"
844," $1,150,000  "
845, 06/12/18  
846,Condo
847,1987
848,Forced air
849,Central
850,Attached Garage
851,$647/month
852,"2295 Vallejo St APT 105, San Francisco, CA 94123 "
853,1 bed
854,1 bath
855,765 sqft
856," $875,000  "
857, 06/12/18  
858,Condo
859,1975
860,No Data
861,No Data
862,Carport
863,$477/month
864,"1426-1428 14th Avenue, San Francisco, CA 94122 "
865,4 beds
866,2 baths
867,-- sqft
868," $1,860,000  "
869, 06/12/18  
870,Multi Family
871,No Data
872,No Data
873,No Data
874,No Data
875,No Data
876,"2447 Vallejo St APT 6, San Francisco, CA 94123 "
877,2 beds
878,1 bath
879,"1,314 sqft"
880," $1,650,000  "
881, 06/11/18  
882,Condo
883,1923
884,No Data
885,No Data
886,None
887,$475/month
888,"40 Palm Ave, San Francisco, CA 94118 "
889,3 beds
890,2 baths
891,"1,417 sqft"
892," $1,775,000  "
893, 06/11/18  
894,Condo
895,1910
896,No Data
897,No Data
898,1 space
899,No Data
900,"92 6th Ave, San Francisco, CA 94118 "
901,2 beds
902,1 bath
903,700 sqft
904," $818,000  "
905, 06/09/18  
906,Condo
907,1912
908,Forced air
909,Central
910,Carport
911,$408/month
912,"1863 18th Ave, San Francisco, CA 94122 "
913,3 beds
914,2 baths
915,"1,712 sqft"
916," $1,625,000  "
917, 06/08/18  
918,Single Family
919,1922
920,Forced air
921,Central
922,Attached Garage
923,"2,495 sqft"
924,"267 15th Ave, San Francisco, CA 94118 "
925,3 beds
926,1 bath
927,"2,240 sqft"
928," $2,125,000  "
929, 06/08/18  
930,Single Family
931,1913
932,No Data
933,No Data
934,No Data
935,"2,996 sqft"
936,"141 Devonshire Way, San Francisco, CA 94131 "
937,4 beds
938,4 baths
939,"2,107 sqft"
940," $2,500,088  "
941, 06/08/18  
942,Single Family
943,1963
944,Radiant
945,Central
946,Attached Garage
947,"3,267 sqft"
948,"3132 Franklin St, San Francisco, CA 94123 "
949,2 beds
950,1 bath
951,"1,077 sqft"
952," $1,400,000  "
953, 06/08/18  
954,Condo
955,1924
956,Forced air
957,Central
958,1 space
959,$250/month
960,"3756 Jackson St, San Francisco, CA 94118 "
961,7 beds
962,8.5 baths
963,"7,820 sqft"
964," $12,000,000  "
965, 06/08/18  
966,Single Family
967,1925
968,Forced air
969,Central
970,Attached Garage
971,"4,878 sqft"
972,"35 Zampa Ln APT 1, San Francisco, CA 94115 "
973,-- beds
974,-- baths
975,-- sqft
976," $590,000  "
977, 06/08/18  
978,Cooperative
979,No Data
980,No Data
981,No Data
982,No Data
983,No Data
984,"116 Downey St # 2, San Francisco, CA 94117 "
985,2 beds
986,1 bath
987,"1,088 sqft"
988," $1,300,000  "
989, 06/08/18  
990,Multi Family
991,1900
992,No Data
993,No Data
994,No Data
995,No Data
996,"1973 Eddy St # 4, San Francisco, CA 94115 "
997,2 beds
998,3 baths
999,"1,900 sqft"
1000," $1,650,000  "
1001, 06/08/18  
1002,Condo
1003,1980
1004,No Data
1005,No Data
1006,No Data
1007,No Data
1008,"564 12th Ave, San Francisco, CA 94118 "
1009,5 beds
1010,3.5 baths
1011,"3,375 sqft"
1012," $3,300,000  "
1013, 06/08/18  
1014,Single Family
1015,1914
1016,Forced air
1017,Central
1018,Attached Garage
1019,"2,996 sqft"
1020,"160 Corwin St APT 4, San Francisco, CA 94114 "
1021,2 beds
1022,1 bath
1023,932 sqft
1024," $1,315,000  "
1025, 06/08/18  
1026,Condo
1027,1966
1028,No Data
1029,No Data
1030,2 spaces
1031,$300/month
1032,"1470 Golden Gate Ave APT 2A, San Francisco, CA 94115 "
1033,2 beds
1034,2 baths
1035,"1,276 sqft"
1036," $1,025,000  "
1037, 06/08/18  
1038,Condo
1039,1988
1040,Baseboard
1041,No Data
1042,2 spaces
1043,$310/month
1044,"3450 Clay St, San Francisco, CA 94118 "
1045,5 beds
1046,5 baths
1047,"3,346 sqft"
1048," $4,975,000  "
1049, 06/08/18  
1050,Condo
1051,1902
1052,Forced air
1053,Central
1054,2 spaces
1055,$857/month
1056,"4171 24th St, San Francisco, CA 94114 "
1057,2 beds
1058,2 baths
1059,939 sqft
1060," $1,700,000  "
1061, 06/08/18  
1062,Condo
1063,2018
1064,Forced air
1065,Central
1066,None
1067,$470/month
1068,"1242 41st Ave, San Francisco, CA 94122 "
1069,2 beds
1070,1 bath
1071,"1,360 sqft"
1072," $1,250,000  "
1073, 06/08/18  
1074,Single Family
1075,1910
1076,No Data
1077,Wall
1078,No Data
1079,"2,996 sqft"
1080,"116 Downey St # 2, San Francisco, CA 94117 "
1081,2 beds
1082,1 bath
1083,"1,088 sqft"
1084," $1,300,000  "
1085, 06/08/18  
1086,Multi Family
1087,1900
1088,No Data
1089,No Data
1090,No Data
1091,No Data
1092,"47 Kittredge Ter, San Francisco, CA 94118 "
1093,3 beds
1094,2 baths
1095,"1,895 sqft"
1096," $2,150,000  "
1097, 06/08/18  
1098,Single Family
1099,1937
1100,Forced air
1101,Central
1102,Attached Garage
1103,"2,482 sqft"
1104,"4171 24th St, San Francisco, CA 94114 "
1105,2 beds
1106,2 baths
1107,939 sqft
1108," $1,700,000  "
1109, 06/08/18  
1110,Condo
1111,2018
1112,Forced air
1113,Central
1114,None
1115,$470/month
1116,"1286 34th Ave, San Francisco, CA 94122 "
1117,3 beds
1118,2 baths
1119,"1,800 sqft"
1120," $1,653,500  "
1121, 06/08/18  
1122,Single Family
1123,1912
1124,Other
1125,None
1126,1 space
1127,"2,250 sqft"
1128,"564 12th Ave, San Francisco, CA 94118 "
1129,5 beds
1130,3.5 baths
1131,"3,375 sqft"
1132," $3,300,000  "
1133, 06/08/18  
1134,Single Family
1135,1914
1136,Forced air
1137,Central
1138,Attached Garage
1139,"2,996 sqft"
1140,"1973 Eddy St # 4, San Francisco, CA 94115 "
1141,2 beds
1142,3 baths
1143,"1,900 sqft"
1144," $1,650,000  "
1145, 06/08/18  
1146,Condo
1147,1980
1148,No Data
1149,No Data
1150,No Data
1151,No Data
1152,"3887 17th St, San Francisco, CA 94114 "
1153,3 beds
1154,3 baths
1155,"1,850 sqft"
1156," $2,900,000  "
1157, 06/08/18  
1158,Single Family
1159,1900
1160,Forced air
1161,Central
1162,Attached Garage
1163,"2,600 sqft"
1164,"1559 7th Ave, San Francisco, CA 94122 "
1165,3 beds
1166,2 baths
1167,"1,625 sqft"
1168," $2,670,000  "
1169, 06/08/18  
1170,Multi Family
1171,1937
1172,No Data
1173,No Data
1174,1 space
1175,No Data
1176,"1453 14th Ave, San Francisco, CA 94122 "
1177,2 beds
1178,1 bath
1179,"1,175 sqft"
1180," $300,000  "
1181, 06/08/18  
1182,Single Family
1183,1924
1184,No Data
1185,No Data
1186,No Data
1187,"3,190 sqft"
1188,"2186 29th Ave, San Francisco, CA 94116 "
1189,2 beds
1190,1 bath
1191,"1,162 sqft"
1192," $1,210,000  "
1193, 06/07/18  
1194,Single Family
1195,1949
1196,Forced air
1197,Central
1198,No Data
1199,"1,742 sqft"
1200,"1870 Jackson St APT 301, San Francisco, CA 94109 "
1201,1 bed
1202,1 bath
1203,"1,270 sqft"
1204," $1,200,000  "
1205, 06/06/18  
1206,Condo
1207,1931
1208,No Data
1209,No Data
1210,No Data
1211,No Data
1212,"566 27th Ave, San Francisco, CA 94121 "
1213,3 beds
1214,2 baths
1215,"2,408 sqft"
1216," $2,150,000  "
1217, 06/06/18  
1218,Single Family
1219,1936
1220,Forced air
1221,Central
1222,No Data
1223,"2,996 sqft"
1224,"340 Jersey St, San Francisco, CA 94114 "
1225,2 beds
1226,1.25 baths
1227,"1,300 sqft"
1228," $2,200,000  "
1229, 06/06/18  
1230,Single Family
1231,1900
1232,No Data
1233,No Data
1234,Attached Garage
1235,"2,848 sqft"
1236,"2027 Market St APT 1, San Francisco, CA 94114 "
1237,2 beds
1238,2 baths
1239,998 sqft
1240," $1,210,000  "
1241, 06/05/18  
1242,Condo
1243,1995
1244,No Data
1245,No Data
1246,No Data
1247,$644/month
1248,"805 Marina Blvd, San Francisco, CA 94123 "
1249,4 beds
1250,3.5 baths
1251,"3,400 sqft"
1252," $5,400,000  "
1253, 06/05/18  
1254,Single Family
1255,1936
1256,No Data
1257,No Data
1258,2 spaces
1259,"1,934 sqft"
1260,"805 Marina Blvd, San Francisco, CA 94123 "
1261,4 beds
1262,3.5 baths
1263,"3,400 sqft"
1264," $5,400,000  "
1265, 06/05/18  
1266,Single Family
1267,1936
1268,No Data
1269,No Data
1270,2 spaces
1271,"1,934 sqft"
1272,"5529 Anza St, San Francisco, CA 94121 "
1273,3 beds
1274,3.5 baths
1275,"3,935 sqft"
1276," $3,040,000  "
1277, 06/05/18  
1278,Single Family
1279,1987
1280,No Data
1281,No Data
1282,Attached Garage
1283,"2,818 sqft"
1284,"1849 Jefferson St, San Francisco, CA 94123 "
1285,2 beds
1286,2.25 baths
1287,"1,500 sqft"
1288," $2,945,000  "
1289, 06/04/18  
1290,Single Family
1291,1927
1292,No Data
1293,No Data
1294,3 spaces
1295,"3,436 sqft"
1296,"208 States St APT 3, San Francisco, CA 94114 "
1297,1 bed
1298,1 bath
1299,569 sqft
1300," $1,100,000  "
1301, 06/04/18  
1302,Condo
1303,1904
1304,No Data
1305,No Data
1306,None
1307,$100/month
1308,"625 Grand View Ave, San Francisco, CA 94114 "
1309,4 beds
1310,4 baths
1311,"2,654 sqft"
1312," $3,100,000  "
1313, 06/04/18  
1314,Single Family
1315,1954
1316,No Data
1317,No Data
1318,1 space
1319,"3,125 sqft"
1320,"842 43rd Ave, San Francisco, CA 94121 "
1321,3 beds
1322,4 baths
1323,"2,182 sqft"
1324," $1,950,000  "
1325, 06/04/18  
1326,Single Family
1327,1924
1328,No Data
1329,No Data
1330,3 spaces
1331,"3,000 sqft"
1332,"1015 Castro Street, San Francisco, CA 94114 "
1333,4 beds
1334,3 baths
1335,"2,060 sqft"
1336," $2,400,000  "
1337, 06/04/18  
1338,Multi Family
1339,No Data
1340,No Data
1341,No Data
1342,No Data
1343,No Data
1344,"591 Clipper St, San Francisco, CA 94114 "
1345,2 beds
1346,1 bath
1347,-- sqft
1348," $1,600,000  "
1349, 06/04/18  
1350,Single Family
1351,1921
1352,Forced air
1353,Central
1354,1 space
1355,"2,735 sqft"
1356,"1306 45th Ave, San Francisco, CA 94122 "
1357,2 beds
1358,1 bath
1359,"1,030 sqft"
1360," $1,390,500  "
1361, 06/04/18  
1362,Single Family
1363,1940
1364,No Data
1365,No Data
1366,No Data
1367,"1,873 sqft"
1368,"333 Cherry St # B, San Francisco, CA 94118 "
1369,Studio
1370,1 bath
1371,385 sqft
1372," $537,500  "
1373, 06/04/18  
1374,Condo
1375,1908
1376,No Data
1377,No Data
1378,"On street, Attached Garage"
1379,No Data
1380,"1540 Lombard St UNIT F, San Francisco, CA 94123 "
1381,2 beds
1382,1 bath
1383,866 sqft
1384," $1,100,000  "
1385, 06/04/18  
1386,Condo
1387,1947
1388,Radiant
1389,No Data
1390,1 space
1391,$561/month
1392,"1822 42nd Ave, San Francisco, CA 94122 "
1393,3 beds
1394,2 baths
1395,"1,509 sqft"
1396," $1,400,000  "
1397, 06/04/18  
1398,Single Family
1399,1944
1400,Forced air
1401,Central
1402,No Data
1403,No Data
1404,"1662 42nd Ave, San Francisco, CA 94122 "
1405,-- beds
1406,1 bath
1407,"1,150 sqft"
1408," $1,252,000  "
1409, 06/04/18  
1410,Single Family
1411,1941
1412,No Data
1413,No Data
1414,No Data
1415,"3,000 sqft"
1416,"4428 23rd St, San Francisco, CA 94114 "
1417,2 beds
1418,1.5 baths
1419,"1,509 sqft"
1420," $1,950,000  "
1421, 06/04/18  
1422,Single Family
1423,1900
1424,No Data
1425,No Data
1426,No Data
1427,"2,848 sqft"
1428,"924 Noe St, San Francisco, CA 94114 "
1429,3 beds
1430,2 baths
1431,"1,592 sqft"
1432," $4,000,000  "
1433, 06/02/18  
1434,Single Family
1435,1905
1436,No Data
1437,No Data
1438,Attached Garage
1439,"2,613 sqft"
1440,"2083 18th Ave, San Francisco, CA 94116 "
1441,4 beds
1442,2 baths
1443,"1,810 sqft"
1444," $1,550,000  "
1445, 06/01/18  
1446,Single Family
1447,1928
1448,No Data
1449,No Data
1450,No Data
1451,"2,474 sqft"
1452,"1554 Masonic Ave, San Francisco, CA 94117 "
1453,3 beds
1454,2 baths
1455,"1,540 sqft"
1456," $2,805,000  "
1457, 06/01/18  
1458,Single Family
1459,1910
1460,Forced air
1461,Central
1462,2 spaces
1463,"3,123 sqft"
1464,"213 Moulton St, San Francisco, CA 94123 "
1465,3 beds
1466,4 baths
1467,"2,364 sqft"
1468," $2,650,000  "
1469, 06/01/18  
1470,Single Family
1471,1995
1472,No Data
1473,No Data
1474,Attached Garage
1475,"1,150 sqft"
1476,"1201 Diamond St, San Francisco, CA 94131 "
1477,2 beds
1478,2 baths
1479,"1,659 sqft"
1480," $2,450,000  "
1481, 06/01/18  
1482,Single Family
1483,1900
1484,No Data
1485,No Data
1486,Attached Garage
1487,"2,631 sqft"
1488,"532 Clipper St # B, San Francisco, CA 94114 "
1489,2 beds
1490,1 bath
1491,963 sqft
1492," $1,170,000  "
1493, 06/01/18  
1494,Condo
1495,1912
1496,No Data
1497,No Data
1498,No Data
1499,No Data
1500,"64 Potomac St, San Francisco, CA 94117 "
1501,-- beds
1502,1 bath
1503,"1,750 sqft"
1504," $2,500,000  "
1505, 06/01/18  
1506,Single Family
1507,1900
1508,No Data
1509,No Data
1510,No Data
1511,"2,247 sqft"
1512,"3737 Clay St, San Francisco, CA 94118 "
1513,4 beds
1514,3 baths
1515,"3,730 sqft"
1516," $1,986,400  "
1517, 06/01/18  
1518,Single Family
1519,1907
1520,No Data
1521,No Data
1522,No Data
1523,"3,188 sqft"
1524,"563 29th Ave, San Francisco, CA 94121 "
1525,1 bed
1526,1 bath
1527,670 sqft
1528," $870,000  "
1529, 06/01/18  
1530,Condo
1531,1954
1532,Forced air
1533,Central
1534,Attached Garage
1535,No Data
1536,"2524 Union St, San Francisco, CA 94123 "
1537,3 beds
1538,4 baths
1539,"3,989 sqft"
1540," $2,300,000  "
1541, 06/01/18  
1542,Single Family
1543,1900
1544,No Data
1545,No Data
1546,No Data
1547,"3,781 sqft"
1548,"1941 Lyon St, San Francisco, CA 94115 "
1549,3 beds
1550,2 baths
1551,"1,520 sqft"
1552," $2,155,000  "
1553, 06/01/18  
1554,Condo
1555,1900
1556,Forced air
1557,No Data
1558,1 space
1559,No Data
1560,"2754 Octavia St, San Francisco, CA 94123 "
1561,5 beds
1562,4 baths
1563,"3,100 sqft"
1564," $6,200,000  "
1565, 06/01/18  
1566,Single Family
1567,1900
1568,No Data
1569,No Data
1570,Attached Garage
1571,"2,966 sqft"
1572,"806 47th Ave # 302, San Francisco, CA 94121 "
1573,2 beds
1574,2 baths
1575,960 sqft
1576," $675,000  "
1577, 06/01/18  
1578,Condo
1579,1984
1580,No Data
1581,No Data
1582,No Data
1583,No Data
1584,"720 Fell St APT 3, San Francisco, CA 94117 "
1585,2 beds
1586,2 baths
1587,989 sqft
1588," $1,100,000  "
1589, 06/01/18  
1590,Condo
1591,1990
1592,No Data
1593,No Data
1594,No Data
1595,No Data
1596,"3150 Geary Blvd # 102, San Francisco, CA 94118 "
1597,1 bed
1598,1 bath
1599,925 sqft
1600," $945,000  "
1601, 06/01/18  
1602,Condo
1603,2008
1604,No Data
1605,No Data
1606,No Data
1607,No Data
1608,"222 Funston Ave, San Francisco, CA 94118 "
1609,2 beds
1610,2 baths
1611,"1,795 sqft"
1612," $1,675,000  "
1613, 06/01/18  
1614,Condo
1615,1923
1616,Forced air
1617,Central
1618,1 space
1619,$126/month
1620,"1539 35th Ave, San Francisco, CA 94122 "
1621,2 beds
1622,1 bath
1623,"1,851 sqft"
1624," $1,620,000  "
1625, 05/31/18  
1626,Single Family
1627,1932
1628,No Data
1629,No Data
1630,Attached Garage
1631,"3,267 sqft"
1632,"3621 Scott St, San Francisco, CA 94123 "
1633,4 beds
1634,3 baths
1635,"2,895 sqft"
1636," $4,100,000  "
1637, 05/31/18  
1638,Single Family
1639,1927
1640,Forced air
1641,No Data
1642,1 space
1643,"2,809 sqft"
1644,"227 Panorama Dr, San Francisco, CA 94131 "
1645,4 beds
1646,3 baths
1647,"2,100 sqft"
1648," $2,201,000  "
1649, 05/31/18  
1650,Single Family
1651,1956
1652,Forced air
1653,Central
1654,Attached Garage
1655,"3,628 sqft"
1656,"1339 21st Ave, San Francisco, CA 94122 "
1657,2 beds
1658,1.5 baths
1659,"1,400 sqft"
1660," $171,000  "
1661, 05/31/18  
1662,Single Family
1663,1931
1664,Forced air
1665,Central
1666,No Data
1667,"3,049 sqft"
1668,"570 Sanchez St, San Francisco, CA 94114 "
1669,4 beds
1670,3.5 baths
1671,"2,700 sqft"
1672," $3,025,000  "
1673, 05/31/18  
1674,Apartment
1675,1988
1676,Baseboard
1677,No Data
1678,Attached Garage
1679,$77/month
1680,"248 Upper Ter, San Francisco, CA 94117 "
1681,3 beds
1682,2.5 baths
1683,"2,388 sqft"
1684," $2,060,000  "
1685, 05/31/18  
1686,Single Family
1687,1988
1688,Forced air
1689,None
1690,2 spaces
1691,"1,659 sqft"
1692,"743 29th Ave, San Francisco, CA 94121 "
1693,3 beds
1694,2 baths
1695,"2,520 sqft"
1696," $2,200,000  "
1697, 05/31/18  
1698,Single Family
1699,1924
1700,Forced air
1701,No Data
1702,1 space
1703,"2,996 sqft"
1704,"415 Eureka St # 1, San Francisco, CA 94114 "
1705,3 beds
1706,2 baths
1707,"1,557 sqft"
1708," $1,850,000  "
1709, 05/31/18  
1710,Condo
1711,2001
1712,Forced air
1713,Central
1714,Attached Garage
1715,$350/month
1716,"295 14th Ave # 299, San Francisco, CA 94118 "
1717,4 beds
1718,3 baths
1719,"2,910 sqft"
1720," $3,000,000  "
1721, 05/31/18  
1722,Single Family
1723,2015
1724,No Data
1725,No Data
1726,No Data
1727,"2,562 sqft"
1728,"2014 Judah St, San Francisco, CA 94122 "
1729,Studio
1730,-- baths
1731,"2,027 sqft"
1732," $1,047,000  "
1733, 05/31/18  
1734,Multi Family
1735,1924
1736,No Data
1737,No Data
1738,Attached Garage
1739,No Data
1740,"350 Broderick St APT 303, San Francisco, CA 94117 "
1741,2 beds
1742,2 baths
1743,"1,071 sqft"
1744," $1,386,500  "
1745, 05/31/18  
1746,Condo
1747,2007
1748,No Data
1749,No Data
1750,Attached Garage
1751,$439/month
1752,"355 Buena Vista Ave E UNIT 611W, San Francisco, CA 94117 "
1753,1 bed
1754,1 bath
1755,657 sqft
1756," $825,000  "
1757, 05/31/18  
1758,Condo
1759,1986
1760,No Data
1761,No Data
1762,No Data
1763,$717/month
1764,"3542 Scott St, San Francisco, CA 94123 "
1765,2 beds
1766,1 bath
1767,"1,206 sqft"
1768," $1,556,000  "
1769, 05/31/18  
1770,Condo
1771,1925
1772,Forced air
1773,No Data
1774,1 space
1775,$280/month
1776,"568 Sanchez St, San Francisco, CA 94114 "
1777,3 beds
1778,2.5 baths
1779,"1,992 sqft"
1780," $3,025,000  "
1781, 05/31/18  
1782,Single Family
1783,1988
1784,"Baseboard, Forced air"
1785,Central
1786,Attached Garage
1787,No Data
1788,"142 Ewing Ter, San Francisco, CA 94118 "
1789,3 beds
1790,3 baths
1791,"2,400 sqft"
1792," $3,380,000  "
1793, 05/31/18  
1794,Single Family
1795,1941
1796,No Data
1797,No Data
1798,2 spaces
1799,"4,682 sqft"
1800,"2701 Van Ness Ave APT 411, San Francisco, CA 94109 "
1801,1 bed
1802,1 bath
1803,768 sqft
1804," $825,000  "
1805, 05/31/18  
1806,Condo
1807,1929
1808,No Data
1809,No Data
1810,1 space
1811,No Data
1812,"806 47th Ave # 202, San Francisco, CA 94121 "
1813,2 beds
1814,2 baths
1815,960 sqft
1816," $660,000  "
1817, 05/31/18  
1818,Condo
1819,1984
1820,No Data
1821,No Data
1822,No Data
1823,No Data
1824,"1854 Mcallister St # 1856, San Francisco, CA 94115 "
1825,Studio
1826,2 baths
1827,"2,846 sqft"
1828," $2,160,000  "
1829, 05/31/18  
1830,Single Family
1831,No Data
1832,No Data
1833,No Data
1834,No Data
1835,"3,437 sqft"
1836,"450 Hayes St UNIT 4F, San Francisco, CA 94102 "
1837,2 beds
1838,2 baths
1839,"1,141 sqft"
1840," $1,925,000  "
1841, 05/30/18  
1842,Condo
1843,2016
1844,No Data
1845,No Data
1846,Attached Garage
1847,$883/month
1848,"894 29th Ave, San Francisco, CA 94121 "
1849,3 beds
1850,2 baths
1851,"1,563 sqft"
1852," $1,450,000  "
1853, 05/30/18  
1854,Single Family
1855,1941
1856,No Data
1857,No Data
1858,1 space
1859,"2,375 sqft"
1860,"450 Hayes St UNIT 4F, San Francisco, CA 94102 "
1861,2 beds
1862,2 baths
1863,"1,141 sqft"
1864," $1,925,000  "
1865, 05/30/18  
1866,Condo
1867,2016
1868,No Data
1869,No Data
1870,Attached Garage
1871,$883/month
1872,"1877 Green St, San Francisco, CA 94123 "
1873,2 beds
1874,1 bath
1875,"1,093 sqft"
1876," $1,600,000  "
1877, 05/30/18  
1878,Condo
1879,1890
1880,No Data
1881,No Data
1882,1 space
1883,$90/month
1884,"5337 California St, San Francisco, CA 94118 "
1885,4 beds
1886,3 baths
1887,"1,815 sqft"
1888," $2,001,224  "
1889, 05/30/18  
1890,Single Family
1891,1906
1892,No Data
1893,No Data
1894,2 spaces
1895,"2,250 sqft"
1896,"99 Cragmont Ave, San Francisco, CA 94116 "
1897,3 beds
1898,2 baths
1899,"1,000 sqft"
1900," $1,500,000  "
1901, 05/30/18  
1902,Single Family
1903,1951
1904,Forced air
1905,None
1906,1 space
1907,"2,000 sqft"
1908,"2121 Laguna St # 400, San Francisco, CA 94115 "
1909,1 bed
1910,1 bath
1911,680 sqft
1912," $849,000  "
1913, 05/30/18  
1914,Condo
1915,1960
1916,No Data
1917,No Data
1918,No Data
1919,No Data
1920,"1459 41st Ave, San Francisco, CA 94122 "
1921,-- beds
1922,1 bath
1923,"1,250 sqft"
1924," $1,300,000  "
1925, 05/30/18  
1926,Single Family
1927,1938
1928,No Data
1929,No Data
1930,No Data
1931,"2,996 sqft"
1932,"432 Moraga St, San Francisco, CA 94122 "
1933,4 beds
1934,4.5 baths
1935,"3,832 sqft"
1936," $3,400,000  "
1937, 05/30/18  
1938,Single Family
1939,1923
1940,No Data
1941,No Data
1942,Attached Garage
1943,"2,500 sqft"
1944,"677 Sanchez St, San Francisco, CA 94114 "
1945,4 beds
1946,3 baths
1947,"2,364 sqft"
1948," $4,700,000  "
1949, 05/30/18  
1950,Single Family
1951,1912
1952,Other
1953,No Data
1954,"On street, Attached Garage"
1955,"2,622 sqft"
1956,"1649 Page St, San Francisco, CA 94117 "
1957,3 beds
1958,1.5 baths
1959,"1,692 sqft"
1960," $1,800,000  "
1961, 05/30/18  
1962,Condo
1963,1898
1964,Forced air
1965,Central
1966,1 space
1967,$435/month
1968,"1459 47th Ave, San Francisco, CA 94122 "
1969,3 beds
1970,1.5 baths
1971,"1,493 sqft"
1972," $1,385,000  "
1973, 05/30/18  
1974,Single Family
1975,1947
1976,Forced air
1977,Central
1978,No Data
1979,"3,001 sqft"
1980,"339 Carl St, San Francisco, CA 94117 "
1981,2 beds
1982,1 bath
1983,-- sqft
1984," $1,625,000  "
1985, 05/30/18  
1986,Condo
1987,No Data
1988,No Data
1989,No Data
1990,Attached Garage
1991,$267/month
1992,"741 Noe St, San Francisco, CA 94114 "
1993,3 beds
1994,2 baths
1995,"1,562 sqft"
1996," $1,950,000  "
1997, 05/29/18  
1998,Condo
1999,1941
2000,Forced air
2001,Central
2002,1 space
2003,$210/month
2004,"663 44th Ave, San Francisco, CA 94121 "
2005,3 beds
2006,1 bath
2007,"1,450 sqft"
2008," $1,510,000  "
2009, 05/29/18  
2010,Single Family
2011,1925
2012,No Data
2013,No Data
2014,No Data
2015,"2,996 sqft"
2016,"2040 Franklin St APT 502, San Francisco, CA 94109 "
2017,1 bed
2018,1.5 baths
2019,"1,018 sqft"
2020," $1,050,000  "
2021, 05/29/18  
2022,Condo
2023,1966
2024,No Data
2025,No Data
2026,1 space
2027,$650/month
2028,"4038 Cesar Chavez St, San Francisco, CA 94131 "
2029,Studio
2030,-- baths
2031,"2,050 sqft"
2032," $1,750,000  "
2033, 05/29/18  
2034,Multi Family
2035,1905
2036,No Data
2037,No Data
2038,No Data
2039,No Data
2040,"701 Quintara St, San Francisco, CA 94116 "
2041,3 beds
2042,3 baths
2043,"1,791 sqft"
2044," $1,300,000  "
2045, 05/29/18  
2046,Single Family
2047,1940
2048,No Data
2049,No Data
2050,1 space
2051,"1,603 sqft"
2052,"1410 Stanyan St, San Francisco, CA 94114 "
2053,4 beds
2054,3.5 baths
2055,"3,687 sqft"
2056," $3,535,000  "
2057, 05/29/18  
2058,Single Family
2059,2012
2060,No Data
2061,No Data
2062,No Data
2063,"2,888 sqft"
2064,"4540 20th St, San Francisco, CA 94114 "
2065,2 beds
2066,3 baths
2067,"1,918 sqft"
2068," $2,325,000  "
2069, 05/29/18  
2070,Single Family
2071,1900
2072,Forced air
2073,Central
2074,Attached Garage
2075,"1,873 sqft"
2076,"2 Hill Point Ave, San Francisco, CA 94117 "
2077,4 beds
2078,3.5 baths
2079,"2,695 sqft"
2080," $3,070,000  "
2081, 05/29/18  
2082,Single Family
2083,1918
2084,No Data
2085,No Data
2086,Detached Garage
2087,"3,484 sqft"
2088,"437 Hoffman Ave, San Francisco, CA 94114 "
2089,3 beds
2090,2 baths
2091,"2,300 sqft"
2092," $2,555,000  "
2093, 05/29/18  
2094,Single Family
2095,1905
2096,Wall
2097,No Data
2098,No Data
2099,"3,375 sqft"
2100,"255 10th Ave, San Francisco, CA 94118 "
2101,7 beds
2102,3.5 baths
2103,"3,355 sqft"
2104," $2,650,000  "
2105, 05/29/18  
2106,Single Family
2107,1898
2108,Forced air
2109,Central
2110,No Data
2111,"3,659 sqft"
2112,"220 Liberty St, San Francisco, CA 94114 "
2113,2 beds
2114,1 bath
2115,"1,525 sqft"
2116," $1,825,000  "
2117, 05/29/18  
2118,Condo
2119,1911
2120,Forced air
2121,Central
2122,No Data
2123,$500/month
2124,"1401 Eddy St # 6, San Francisco, CA 94115 "
2125,1 bed
2126,1 bath
2127,588 sqft
2128," $685,000  "
2129, 05/25/18  
2130,Condo
2131,1984
2132,No Data
2133,No Data
2134,No Data
2135,$346/month
2136,"1570 12th Ave, San Francisco, CA 94122 "
2137,4 beds
2138,2.5 baths
2139,"2,925 sqft"
2140," $2,500,000  "
2141, 05/25/18  
2142,Single Family
2143,1904
2144,No Data
2145,No Data
2146,No Data
2147,"3,001 sqft"
2148,"2039 22nd Ave, San Francisco, CA 94116 "
2149,3 beds
2150,1 bath
2151,"1,500 sqft"
2152," $1,361,000  "
2153, 05/25/18  
2154,Single Family
2155,1941
2156,Forced air
2157,Central
2158,No Data
2159,"3,001 sqft"
2160,"1859 Scott St, San Francisco, CA 94115 "
2161,4 beds
2162,3 baths
2163,"2,575 sqft"
2164," $2,735,000  "
2165, 05/25/18  
2166,Condo
2167,1900
2168,No Data
2169,No Data
2170,1 space
2171,No Data
2172,"431 Lake St, San Francisco, CA 94118 "
2173,Studio
2174,1 bath
2175,"2,534 sqft"
2176," $3,210,000  "
2177, 05/25/18  
2178,Single Family
2179,1909
2180,No Data
2181,No Data
2182,No Data
2183,"2,748 sqft"
2184,"3059 Fillmore St # 3063, San Francisco, CA 94123 "
2185,Studio
2186,4 baths
2187,"6,624 sqft"
2188," $6,250,000  "
2189, 05/25/18  
2190,Single Family
2191,1906
2192,No Data
2193,No Data
2194,No Data
2195,"3,545 sqft"
2196,"3420 Divisadero St, San Francisco, CA 94123 "
2197,2 beds
2198,1.5 baths
2199,"1,963 sqft"
2200," $2,210,000  "
2201, 05/25/18  
2202,Condo
2203,1927
2204,No Data
2205,No Data
2206,Attached Garage
2207,$350/month
2208,"15 Sea Cliff Ave, San Francisco, CA 94121 "
2209,5 beds
2210,4 baths
2211,"3,500 sqft"
2212," $4,800,000  "
2213, 05/25/18  
2214,Single Family
2215,1924
2216,No Data
2217,No Data
2218,2 spaces
2219,"5,153 sqft"
2220,"33 Beideman St, San Francisco, CA 94115 "
2221,2 beds
2222,1.5 baths
2223,989 sqft
2224," $1,340,000  "
2225, 05/25/18  
2226,Condo
2227,1900
2228,Forced air
2229,Central
2230,Carport
2231,$235/month
2232,"183 Downey St, San Francisco, CA 94117 "
2233,3 beds
2234,1 bath
2235,"1,193 sqft"
2236," $3,660,000  "
2237, 05/25/18  
2238,Condo
2239,1963
2240,No Data
2241,No Data
2242,No Data
2243,No Data
2244,"3732 23rd St APT 1, San Francisco, CA 94114 "
2245,1 bed
2246,1 bath
2247,434 sqft
2248," $775,000  "
2249, 05/25/18  
2250,Condo
2251,1890
2252,Forced air
2253,Central
2254,None
2255,$250/month
2256,"1027 Cole St, San Francisco, CA 94117 "
2257,4 beds
2258,3.5 baths
2259,"2,850 sqft"
2260," $4,075,000  "
2261, 05/25/18  
2262,Single Family
2263,1905
2264,"Forced air, Radiant"
2265,No Data
2266,2 spaces
2267,"2,607 sqft"
2268,"1819 46th Ave, San Francisco, CA 94122 "
2269,-- beds
2270,1 bath
2271,"1,275 sqft"
2272," $850,000  "
2273, 05/25/18  
2274,Single Family
2275,1948
2276,No Data
2277,No Data
2278,No Data
2279,"2,996 sqft"
2280,"2425 Market St APT 6, San Francisco, CA 94114 "
2281,2 beds
2282,1 bath
2283,857 sqft
2284," $1,133,000  "
2285, 05/25/18  
2286,Condo
2287,1981
2288,No Data
2289,No Data
2290,Attached Garage
2291,No Data
2292,"355 Buena Vista Ave E UNIT 112W, San Francisco, CA 94117 "
2293,2 beds
2294,2 baths
2295,"1,202 sqft"
2296," $1,375,000  "
2297, 05/25/18  
2298,Condo
2299,1986
2300,No Data
2301,No Data
2302,No Data
2303,No Data
2304,"1235 Mcallister St APT 112, San Francisco, CA 94115 "
2305,1 bed
2306,1 bath
2307,659 sqft
2308," $444,500  "
2309, 05/25/18  
2310,Condo
2311,2000
2312,No Data
2313,None
2314,No Data
2315,$340/month
2316,"2760 Divisadero St, San Francisco, CA 94123 "
2317,5 beds
2318,4 baths
2319,"4,712 sqft"
2320," $8,700,000  "
2321, 05/24/18  
2322,Single Family
2323,1915
2324,No Data
2325,No Data
2326,No Data
2327,"3,815 sqft"
2328,"1379 35th Ave, San Francisco, CA 94122 "
2329,3 beds
2330,2 baths
2331,"1,845 sqft"
2332," $1,625,000  "
2333, 05/24/18  
2334,Single Family
2335,1928
2336,Forced air
2337,Central
2338,Attached Garage
2339,"3,001 sqft"
2340,"3212 Broderick St, San Francisco, CA 94123 "
2341,3 beds
2342,1.5 baths
2343,"1,856 sqft"
2344," $2,500,000  "
2345, 05/24/18  
2346,Single Family
2347,1930
2348,No Data
2349,No Data
2350,No Data
2351,"2,343 sqft"
2352,"215 3rd Ave, San Francisco, CA 94118 "
2353,2 beds
2354,1 bath
2355,"1,052 sqft"
2356," $4,500,000  "
2357, 05/23/18  
2358,Single Family
2359,1893
2360,No Data
2361,No Data
2362,2 spaces
2363,"3,000 sqft"
2364,"827 Corbett Ave APT 202A, San Francisco, CA 94131 "
2365,1 bed
2366,1 bath
2367,735 sqft
2368," $805,000  "
2369, 05/23/18  
2370,Condo
2371,1961
2372,Forced air
2373,Central
2374,Carport
2375,$401/month
2376,"1516 La Playa St, San Francisco, CA 94122 "
2377,4 beds
2378,3 baths
2379,"2,120 sqft"
2380," $1,830,000  "
2381, 05/23/18  
2382,Single Family
2383,1948
2384,Forced air
2385,Central
2386,No Data
2387,"3,070 sqft"
2388,"657 Corbett Ave APT 1, San Francisco, CA 94114 "
2389,4 beds
2390,3 baths
2391,"1,900 sqft"
2392," $1,675,000  "
2393, 05/23/18  
2394,Condo
2395,2003
2396,No Data
2397,No Data
2398,No Data
2399,No Data
2400,"2618 Jackson St, San Francisco, CA 94115 "
2401,3 beds
2402,3 baths
2403,"2,500 sqft"
2404," $5,500,000  "
2405, 05/22/18  
2406,Condo
2407,1900
2408,No Data
2409,No Data
2410,Attached Garage
2411,$666/month
2412,"1951 Golden Gate Ave, San Francisco, CA 94115 "
2413,2 beds
2414,2 baths
2415,"1,200 sqft"
2416," $1,500,000  "
2417, 05/22/18  
2418,Condo
2419,1908
2420,No Data
2421,No Data
2422,Attached Garage
2423,No Data
2424,"522 43rd Ave, San Francisco, CA 94121 "
2425,2 beds
2426,2 baths
2427,"1,414 sqft"
2428," $1,460,000  "
2429, 05/22/18  
2430,Single Family
2431,1940
2432,Forced air
2433,Central
2434,1 space
2435,"2,374 sqft"
2436,"2269 Francisco St, San Francisco, CA 94123 "
2437,3 beds
2438,2 baths
2439,"1,729 sqft"
2440," $2,850,000  "
2441, 05/22/18  
2442,Condo
2443,1924
2444,Forced air
2445,Central
2446,2 spaces
2447,$400/month
2448,"525 47th Ave, San Francisco, CA 94121 "
2449,3 beds
2450,2 baths
2451,"1,800 sqft"
2452," $1,865,000  "
2453, 05/22/18  
2454,Single Family
2455,1931
2456,Forced air
2457,Central
2458,2 spaces
2459,"3,001 sqft"
2460,"1325 11th Ave, San Francisco, CA 94122 "
2461,3 beds
2462,1 bath
2463,"1,361 sqft"
2464," $1,475,000  "
2465, 05/21/18  
2466,Condo
2467,1903
2468,No Data
2469,No Data
2470,No Data
2471,$283/month
2472,"62 Perine Pl # 64, San Francisco, CA 94115 "
2473,2 beds
2474,2 baths
2475,"1,660 sqft"
2476," $310,000  "
2477, 05/21/18  
2478,Single Family
2479,1909
2480,No Data
2481,No Data
2482,No Data
2483,981 sqft
2484,"207 Caselli Ave, San Francisco, CA 94114 "
2485,2 beds
2486,1 bath
2487,"1,161 sqft"
2488," $1,500,000  "
2489, 05/21/18  
2490,Condo
2491,1907
2492,No Data
2493,No Data
2494,"Carport, Attached Garage"
2495,$150/month
2496,"1854 Vallejo St APT E, San Francisco, CA 94123 "
2497,3 beds
2498,3 baths
2499,"1,818 sqft"
2500," $2,350,000  "
2501, 05/21/18  
2502,Condo
2503,1925
2504,No Data
2505,No Data
2506,1 space
2507,$845/month
2508,"1495 39th Ave, San Francisco, CA 94122 "
2509,2 beds
2510,1 bath
2511,"1,125 sqft"
2512," $323,000  "
2513, 05/21/18  
2514,Single Family
2515,1938
2516,Forced air
2517,Central
2518,No Data
2519,"2,374 sqft"
2520,"882 25th Ave, San Francisco, CA 94121 "
2521,3 beds
2522,2.5 baths
2523,"2,216 sqft"
2524," $1,800,000  "
2525, 05/21/18  
2526,Single Family
2527,1923
2528,Forced air
2529,Central
2530,Attached Garage
2531,"2,038 sqft"
2532,"3541 Cabrillo St, San Francisco, CA 94121 "
2533,3 beds
2534,3 baths
2535,"2,000 sqft"
2536," $1,825,000  "
2537, 05/18/18  
2538,Single Family
2539,1925
2540,Forced air
2541,Central
2542,2 spaces
2543,"2,495 sqft"
2544,"876 43rd Ave, San Francisco, CA 94121 "
2545,4 beds
2546,4 baths
2547,"2,448 sqft"
2548," $1,760,000  "
2549, 05/18/18  
2550,Single Family
2551,1916
2552,Forced air
2553,None
2554,2 spaces
2555,"3,001 sqft"
2556,"790 7th Ave APT 303, San Francisco, CA 94118 "
2557,2 beds
2558,2 baths
2559,"1,130 sqft"
2560," $1,050,000  "
2561, 05/18/18  
2562,Condo
2563,1981
2564,Forced air
2565,No Data
2566,1 space
2567,$360/month
2568,"3023 Clement St # 3027, San Francisco, CA 94121 "
2569,Studio
2570,4 baths
2571,"4,333 sqft"
2572," $1,450,000  "
2573, 05/18/18  
2574,Single Family
2575,1906
2576,No Data
2577,No Data
2578,No Data
2579,"2,495 sqft"
2580,"2431 Lincoln Way, San Francisco, CA 94122 "
2581,2 beds
2582,1 bath
2583,"1,370 sqft"
2584," $1,430,000  "
2585, 05/18/18  
2586,Single Family
2587,1922
2588,No Data
2589,None
2590,Attached Garage
2591,"2,495 sqft"
2592,"10 Marcela Ave, San Francisco, CA 94116 "
2593,3 beds
2594,3 baths
2595,"2,200 sqft"
2596," $2,100,000  "
2597, 05/18/18  
2598,Single Family
2599,1931
2600,Forced air
2601,Central
2602,2 spaces
2603,"4,451 sqft"
2604,"1014 Diamond St # 1016, San Francisco, CA 94114 "
2605,6 beds
2606,5 baths
2607,"2,800 sqft"
2608," $1,660,000  "
2609, 05/18/18  
2610,Single Family
2611,2018
2612,No Data
2613,No Data
2614,On street
2615,"2,238 sqft"
2616,"530 Clipper St, San Francisco, CA 94114 "
2617,2 beds
2618,1 bath
2619,960 sqft
2620," $1,100,000  "
2621, 05/18/18  
2622,Condo
2623,1912
2624,Baseboard
2625,No Data
2626,None
2627,$436/month
2628,"476 27th St, San Francisco, CA 94131 "
2629,3 beds
2630,2 baths
2631,"1,900 sqft"
2632," $2,500,000  "
2633, 05/18/18  
2634,Single Family
2635,1900
2636,No Data
2637,No Data
2638,Attached Garage
2639,"3,267 sqft"
2640,"1077 Page St, San Francisco, CA 94117 "
2641,2 beds
2642,1 bath
2643,"1,217 sqft"
2644," $1,600,000  "
2645, 05/18/18  
2646,Condo
2647,1948
2648,Forced air
2649,Central
2650,Attached Garage
2651,$200/month
2652,"635 11th Ave, San Francisco, CA 94118 "
2653,6 beds
2654,2 baths
2655,"3,288 sqft"
2656," $2,400,000  "
2657, 05/18/18  
2658,Single Family
2659,1922
2660,Forced air
2661,Central
2662,No Data
2663,"3,001 sqft"
2664,"2718 Octavia St, San Francisco, CA 94123 "
2665,1 bed
2666,1 bath
2667,700 sqft
2668," $940,000  "
2669, 05/18/18  
2670,Condo
2671,1922
2672,No Data
2673,No Data
2674,Attached Garage
2675,No Data
2676,"3672 16th St # A, San Francisco, CA 94114 "
2677,1 bed
2678,1 bath
2679,712 sqft
2680," $325,000  "
2681, 05/18/18  
2682,Condo
2683,No Data
2684,No Data
2685,No Data
2686,No Data
2687,No Data
2688,"258 Hermann St, San Francisco, CA 94117 "
2689,3 beds
2690,2 baths
2691,"1,102 sqft"
2692," $1,605,000  "
2693, 05/18/18  
2694,Condo
2695,1900
2696,Baseboard
2697,Wall
2698,Attached Garage
2699,No Data
2700,"1246 Stanyan St, San Francisco, CA 94117 "
2701,3 beds
2702,2.5 baths
2703,"1,886 sqft"
2704," $1,862,500  "
2705, 05/18/18  
2706,Single Family
2707,1900
2708,Forced air
2709,Central
2710,Attached Garage
2711,"3,946 sqft"
2712,"1234 Stanyan St, San Francisco, CA 94117 "
2713,3 beds
2714,2 baths
2715,"2,593 sqft"
2716," $2,200,000  "
2717, 05/18/18  
2718,Single Family
2719,1925
2720,Baseboard
2721,No Data
2722,1 space
2723,"2,500 sqft"
2724,"1583 28th Ave, San Francisco, CA 94122 "
2725,2 beds
2726,1.5 baths
2727,"1,500 sqft"
2728," $1,400,000  "
2729, 05/18/18  
2730,Single Family
2731,1928
2732,No Data
2733,None
2734,Attached Garage
2735,"2,374 sqft"
2736,"2761 Pine St, San Francisco, CA 94115 "
2737,4 beds
2738,6 baths
2739,"3,525 sqft"
2740," $4,700,000  "
2741, 05/18/18  
2742,Single Family
2743,1900
2744,No Data
2745,No Data
2746,2 spaces
2747,"2,286 sqft"
2748,"2163 21st Ave, San Francisco, CA 94116 "
2749,3 beds
2750,1 bath
2751,"1,792 sqft"
2752," $1,575,000  "
2753, 05/17/18  
2754,Single Family
2755,1928
2756,No Data
2757,No Data
2758,Attached Garage
2759,"2,996 sqft"
2760,"1963-A Clay St, San Francisco, CA 94109 "
2761,Studio
2762,1 bath
2763,510 sqft
2764," $702,500  "
2765, 05/17/18  
2766,Condo
2767,1938
2768,Baseboard
2769,No Data
2770,None
2771,$172/month
2772,"3509 Noriega St, San Francisco, CA 94122 "
2773,2 beds
2774,1 bath
2775,"1,100 sqft"
2776," $1,150,000  "
2777, 05/17/18  
2778,Single Family
2779,1945
2780,No Data
2781,No Data
2782,No Data
2783,"1,698 sqft"
2784,"2244 Vallejo St, San Francisco, CA 94123 "
2785,6 beds
2786,6 baths
2787,"5,200 sqft"
2788," $6,633,000  "
2789, 05/17/18  
2790,Multi Family
2791,No Data
2792,No Data
2793,No Data
2794,No Data
2795,No Data
2796,"38 Landers St, San Francisco, CA 94114 "
2797,1 bed
2798,1 bath
2799,500 sqft
2800," $726,000  "
2801, 05/17/18  
2802,Single Family
2803,1901
2804,No Data
2805,None
2806,No Data
2807,No Data
2808,"1706 Vallejo St, San Francisco, CA 94123 "
2809,3 beds
2810,2 baths
2811,"2,069 sqft"
2812," $2,028,000  "
2813, 05/17/18  
2814,Condo
2815,1908
2816,No Data
2817,No Data
2818,1 space
2819,$400/month
2820,"145 Villa Ter, San Francisco, CA 94114 "
2821,6 beds
2822,5.5 baths
2823,"4,580 sqft"
2824," $1,550,000  "
2825, 05/17/18  
2826,Single Family
2827,2010
2828,No Data
2829,No Data
2830,No Data
2831,"3,532 sqft"
2832,"1963 Clay St # A, San Francisco, CA 94109 "
2833,1 bed
2834,1 bath
2835,497 sqft
2836," $702,500  "
2837, 05/17/18  
2838,Condo
2839,1938
2840,No Data
2841,No Data
2842,No Data
2843,No Data
2844,"1227 15th Ave, San Francisco, CA 94122 "
2845,6 beds
2846,3.5 baths
2847,"4,296 sqft"
2848," $3,995,000  "
2849, 05/16/18  
2850,Single Family
2851,1912
2852,Forced air
2853,Central
2854,No Data
2855,"3,184 sqft"
2856,"1325 Lake St, San Francisco, CA 94118 "
2857,6 beds
2858,3 baths
2859,"2,560 sqft"
2860," $2,275,000  "
2861, 05/16/18  
2862,Single Family
2863,1912
2864,Forced air
2865,Central
2866,Detached Garage
2867,"3,750 sqft"
2868,"4150 17th St APT 11, San Francisco, CA 94114 "
2869,2 beds
2870,2 baths
2871,"1,850 sqft"
2872," $1,930,000  "
2873, 05/16/18  
2874,Condo
2875,1993
2876,No Data
2877,No Data
2878,No Data
2879,$540/month
2880,"337 Warren Dr, San Francisco, CA 94131 "
2881,4 beds
2882,4 baths
2883,"2,950 sqft"
2884," $2,800,000  "
2885, 05/16/18  
2886,Single Family
2887,1960
2888,Forced air
2889,No Data
2890,Detached Garage
2891,"2,879 sqft"
2892,"28 Parker Ave APT 301, San Francisco, CA 94118 "
2893,2 beds
2894,2 baths
2895,880 sqft
2896," $1,270,000  "
2897, 05/16/18  
2898,Condo
2899,1929
2900,No Data
2901,No Data
2902,No Data
2903,No Data
2904,"1551 Filbert St APT 3, San Francisco, CA 94123 "
2905,1 bed
2906,2 baths
2907,-- sqft
2908," $1,130,000  "
2909, 05/16/18  
2910,Condo
2911,1924
2912,Forced air
2913,Central
2914,Attached Garage
2915,$300/month
2916,"3425 16th St # B, San Francisco, CA 94114 "
2917,2 beds
2918,1 bath
2919,-- sqft
2920," $1,210,000  "
2921, 05/16/18  
2922,Condo
2923,No Data
2924,Forced air
2925,Central
2926,No Data
2927,$308/month
2928,"970 Oak St, San Francisco, CA 94117 "
2929,1 bed
2930,1 bath
2931,453 sqft
2932," $680,000  "
2933, 05/16/18  
2934,Condo
2935,1900
2936,No Data
2937,No Data
2938,No Data
2939,$281/month
2940,"280 San Marcos Ave, San Francisco, CA 94116 "
2941,5 beds
2942,3 baths
2943,"2,770 sqft"
2944," $2,170,000  "
2945, 05/16/18  
2946,Single Family
2947,1978
2948,Forced air
2949,Central
2950,Attached Garage
2951,"5,636 sqft"
2952,"2160 Pacific Ave APT 4, San Francisco, CA 94115 "
2953,2 beds
2954,2 baths
2955,"1,376 sqft"
2956," $1,900,000  "
2957, 05/16/18  
2958,Condo
2959,1922
2960,No Data
2961,No Data
2962,No Data
2963,No Data
2964,"2950 Bush St, San Francisco, CA 94115 "
2965,3 beds
2966,4 baths
2967,"2,800 sqft"
2968," $2,850,000  "
2969, 05/16/18  
2970,Single Family
2971,1998
2972,Forced air
2973,Central
2974,2 spaces
2975,"2,914 sqft"
2976,"3425 16th St # 1, San Francisco, CA 94114 "
2977,2 beds
2978,1 bath
2979,904 sqft
2980," $1,210,000  "
2981, 05/16/18  
2982,Condo
2983,1880
2984,No Data
2985,No Data
2986,No Data
2987,No Data
2988,"1114 Judah St, San Francisco, CA 94122 "
2989,4 beds
2990,2 baths
2991,"2,221 sqft"
2992," $1,388,000  "
2993, 05/16/18  
2994,Single Family
2995,1924
2996,No Data
2997,No Data
2998,No Data
2999,"2,495 sqft"
3000,"3415 Pacific Ave, San Francisco, CA 94118 "
3001,4 beds
3002,3.5 baths
3003,"4,000 sqft"
3004," $7,350,000  "
3005, 05/16/18  
3006,Single Family
3007,1924
3008,No Data
3009,No Data
3010,No Data
3011,"3,192 sqft"
3012,"1858 36th Ave, San Francisco, CA 94122 "
3013,3 beds
3014,2 baths
3015,"1,705 sqft"
3016," $1,550,000  "
3017, 05/15/18  
3018,Single Family
3019,1946
3020,No Data
3021,No Data
3022,No Data
3023,"3,998 sqft"
3024,"265 Marina Blvd, San Francisco, CA 94123 "
3025,4 beds
3026,4 baths
3027,"2,882 sqft"
3028," $5,474,275  "
3029, 05/15/18  
3030,Single Family
3031,1932
3032,"Forced air, Radiant"
3033,None
3034,2 spaces
3035,"3,000 sqft"
3036,"955 Corbett Ave APT 8, San Francisco, CA 94131 "
3037,1 bed
3038,1 bath
3039,543 sqft
3040," $610,000  "
3041, 05/15/18  
3042,Condo
3043,1949
3044,Forced air
3045,None
3046,No Data
3047,$392/month
3048,"2101 Baker St APT 11, San Francisco, CA 94115 "
3049,1 bed
3050,1 bath
3051,846 sqft
3052," $970,000  "
3053, 05/15/18  
3054,Condo
3055,1964
3056,No Data
3057,No Data
3058,No Data
3059,$451/month
3060,"23 Homestead St, San Francisco, CA 94114 "
3061,3 beds
3062,2.5 baths
3063,"2,073 sqft"
3064," $2,550,000  "
3065, 05/15/18  
3066,Condo
3067,1909
3068,Forced air
3069,No Data
3070,1 space
3071,$155/month
3072,"955-959 Corbett Ave # 8, San Francisco, CA 94131 "
3073,1 bed
3074,1 bath
3075,543 sqft
3076," $610,000  "
3077, 05/15/18  
3078,Condo
3079,1949
3080,No Data
3081,No Data
3082,No Data
3083,No Data
3084,"4630 Fulton St, San Francisco, CA 94121 "
3085,3 beds
3086,2.5 baths
3087,"1,820 sqft"
3088," $1,980,000  "
3089, 05/15/18  
3090,Single Family
3091,1921
3092,Forced air
3093,Central
3094,Attached Garage
3095,"2,495 sqft"
3096,"1701 Jackson St APT 701, San Francisco, CA 94109 "
3097,2 beds
3098,2 baths
3099,"1,058 sqft"
3100," $1,360,000  "
3101, 05/15/18  
3102,Condo
3103,2001
3104,Forced air
3105,Central
3106,Attached Garage
3107,$738/month
3108,"151 Olympia Way, San Francisco, CA 94131 "
3109,3 beds
3110,2 baths
3111,"1,930 sqft"
3112," $1,901,000  "
3113, 05/15/18  
3114,Single Family
3115,1957
3116,Forced air
3117,No Data
3118,Attached Garage
3119,"4,726 sqft"
3120,"2900 Fulton St APT 1, San Francisco, CA 94118 "
3121,3 beds
3122,3 baths
3123,"1,587 sqft"
3124," $1,175,500  "
3125, 05/15/18  
3126,Condo
3127,2011
3128,No Data
3129,No Data
3130,No Data
3131,No Data
3132,"1623 12th Ave, San Francisco, CA 94122 "
3133,2 beds
3134,1 bath
3135,"1,345 sqft"
3136," $1,450,000  "
3137, 05/15/18  
3138,Single Family
3139,1924
3140,Forced air
3141,Central
3142,Attached Garage
3143,"2,996 sqft"
3144,"2737 Union St, San Francisco, CA 94123 "
3145,2 beds
3146,2 baths
3147,"1,559 sqft"
3148," $2,525,000  "
3149, 05/15/18  
3150,Condo
3151,1893
3152,Forced air
3153,None
3154,1 space
3155,No Data
3156,"2946 Pierce St, San Francisco, CA 94123 "
3157,3 beds
3158,4 baths
3159,"2,798 sqft"
3160," $3,650,000  "
3161, 05/15/18  
3162,Condo
3163,1900
3164,No Data
3165,No Data
3166,2 spaces
3167,No Data
3168,"708 Masonic Ave, San Francisco, CA 94117 "
3169,2 beds
3170,1.5 baths
3171,"1,248 sqft"
3172," $1,350,000  "
3173, 05/15/18  
3174,Condo
3175,1914
3176,No Data
3177,Wall
3178,Attached Garage
3179,$242/month
3180,"1450 Post St APT 1114, San Francisco, CA 94109 "
3181,-- beds
3182,-- baths
3183,430 sqft
3184," $375,000  "
3185, 05/15/18  
3186,Condo
3187,1992
3188,No Data
3189,No Data
3190,No Data
3191,No Data
3192,"3100 Washington St # 11, San Francisco, CA 94115 "
3193,1 bed
3194,1 bath
3195,808 sqft
3196," $970,000  "
3197, 05/15/18  
3198,Condo
3199,1964
3200,No Data
3201,No Data
3202,No Data
3203,No Data
3204,"240 Downey St, San Francisco, CA 94117 "
3205,3 beds
3206,2 baths
3207,"2,150 sqft"
3208," $2,580,000  "
3209, 05/14/18  
3210,Condo
3211,1900
3212,Forced air
3213,Central
3214,Attached Garage
3215,$350/month
3216,"263 Oak Park Dr, San Francisco, CA 94131 "
3217,2 beds
3218,2 baths
3219,"1,571 sqft"
3220," $1,550,000  "
3221, 05/14/18  
3222,Single Family
3223,1959
3224,Forced air
3225,Central
3226,2 spaces
3227,"5,623 sqft"
3228,"230 Twin Peaks Blvd, San Francisco, CA 94114 "
3229,3 beds
3230,2 baths
3231,"2,324 sqft"
3232," $1,830,000  "
3233, 05/14/18  
3234,Single Family
3235,1927
3236,Forced air
3237,Central
3238,Attached Garage
3239,"2,631 sqft"
3240,"1450 Franklin St PH 3, San Francisco, CA 94109 "
3241,3 beds
3242,3 baths
3243,"2,076 sqft"
3244," $3,570,000  "
3245, 05/14/18  
3246,Condo
3247,2017
3248,Forced air
3249,Central
3250,1 space
3251,$1351/month
3252,"240 Downey St, San Francisco, CA 94117 "
3253,3 beds
3254,2 baths
3255,"2,150 sqft"
3256," $2,580,000  "
3257, 05/14/18  
3258,Condo
3259,1900
3260,Forced air
3261,Central
3262,Attached Garage
3263,$350/month
3264,"105 Palm Ave, San Francisco, CA 94118 "
3265,-- beds
3266,1 bath
3267,"1,281 sqft"
3268," $1,225,000  "
3269, 05/14/18  
3270,Condo
3271,1900
3272,No Data
3273,No Data
3274,No Data
3275,No Data
3276,"1770 Pacific Ave APT 301, San Francisco, CA 94109 "
3277,2 beds
3278,2 baths
3279,"1,500 sqft"
3280," $1,700,000  "
3281, 05/14/18  
3282,Condo
3283,1902
3284,Forced air
3285,Central
3286,1 space
3287,$735/month
3288,"610 Buchanan St, San Francisco, CA 94102 "
3289,1 bed
3290,1 bath
3291,880 sqft
3292," $875,000  "
3293, 05/14/18  
3294,Condo
3295,1889
3296,No Data
3297,No Data
3298,No Data
3299,$287/month
3300,"688 25th Ave, San Francisco, CA 94121 "
3301,4 beds
3302,3 baths
3303,"2,016 sqft"
3304," $1,350,000  "
3305, 05/14/18  
3306,Condo
3307,2002
3308,Forced air
3309,Central
3310,Attached Garage
3311,$119/month
3312,"105 Palm Ave #1, San Francisco, CA 94118 "
3313,2 beds
3314,1 bath
3315,"1,281 sqft"
3316," $1,225,000  "
3317, 05/12/18  
3318,Condo
3319,1900
3320,No Data
3321,No Data
3322,No Data
3323,$485/month
3324,"161 Masonic Ave, San Francisco, CA 94118 "
3325,2 beds
3326,2 baths
3327,"1,636 sqft"
3328," $1,500,000  "
3329, 05/12/18  
3330,Condo
3331,1940
3332,No Data
3333,No Data
3334,No Data
3335,No Data
3336,"616-618 Masonic, San Francisco, CA 94117 "
3337,4 beds
3338,2 baths
3339,"3,965 sqft"
3340," $1,500,000  "
3341, 05/12/18  
3342,Multi Family
3343,No Data
3344,No Data
3345,No Data
3346,No Data
3347,No Data
3348,"37 Ashbury Ter, San Francisco, CA 94117 "
3349,4 beds
3350,3.5 baths
3351,"3,220 sqft"
3352," $3,250,000  "
3353, 05/11/18  
3354,Single Family
3355,1910
3356,Forced air
3357,Central
3358,Attached Garage
3359,"2,487 sqft"
3360,"655 Corbett Ave APT 405, San Francisco, CA 94114 "
3361,1 bed
3362,1 bath
3363,703 sqft
3364," $820,000  "
3365, 05/11/18  
3366,Condo
3367,1964
3368,No Data
3369,No Data
3370,1 space
3371,No Data
3372,"2185 Bush St APT 213, San Francisco, CA 94115 "
3373,2 beds
3374,1 bath
3375,934 sqft
3376," $1,050,000  "
3377, 05/11/18  
3378,Condo
3379,1984
3380,No Data
3381,No Data
3382,No Data
3383,No Data
3384,"185 16th Ave, San Francisco, CA 94118 "
3385,2 beds
3386,1 bath
3387,976 sqft
3388," $1,135,000  "
3389, 05/11/18  
3390,Condo
3391,1917
3392,Forced air
3393,Central
3394,Attached Garage
3395,No Data
3396,"1672 19th Ave, San Francisco, CA 94122 "
3397,3 beds
3398,1 bath
3399,"1,250 sqft"
3400," $1,100,000  "
3401, 05/11/18  
3402,Single Family
3403,1940
3404,Forced air
3405,Central
3406,Attached Garage
3407,"2,247 sqft"
3408,"3444 Washington St, San Francisco, CA 94118 "
3409,6 beds
3410,8 baths
3411,"9,074 sqft"
3412," $14,000,000  "
3413, 05/11/18  
3414,Single Family
3415,1904
3416,Forced air
3417,No Data
3418,2 spaces
3419,"7,657 sqft"
3420,"1446 Cabrillo St, San Francisco, CA 94118 "
3421,2 beds
3422,1 bath
3423,958 sqft
3424," $1,100,000  "
3425, 05/11/18  
3426,Condo
3427,1921
3428,No Data
3429,No Data
3430,Attached Garage
3431,$200/month
3432,"1616 8th Ave, San Francisco, CA 94122 "
3433,3 beds
3434,2 baths
3435,"2,567 sqft"
3436," $2,200,000  "
3437, 05/11/18  
3438,Single Family
3439,1914
3440,No Data
3441,No Data
3442,1 space
3443,"2,918 sqft"
3444,"1636 Filbert St # A, San Francisco, CA 94123 "
3445,3 beds
3446,3 baths
3447,"1,574 sqft"
3448," $1,975,000  "
3449, 05/10/18  
3450,Condo
3451,2008
3452,No Data
3453,No Data
3454,No Data
3455,No Data
3456,"552 15th Ave, San Francisco, CA 94118 "
3457,3 beds
3458,2 baths
3459,"2,000 sqft"
3460," $2,172,000  "
3461, 05/10/18  
3462,Single Family
3463,1919
3464,Forced air
3465,Central
3466,1 space
3467,"3,049 sqft"
3468,"879 32nd Ave, San Francisco, CA 94121 "
3469,4 beds
3470,2 baths
3471,"1,876 sqft"
3472," $1,150,000  "
3473, 05/10/18  
3474,Multi Family
3475,No Data
3476,No Data
3477,No Data
3478,No Data
3479,No Data
3480,"1330 22nd Ave, San Francisco, CA 94122 "
3481,3 beds
3482,2 baths
3483,"2,230 sqft"
3484," $2,250,000  "
3485, 05/10/18  
3486,Single Family
3487,1925
3488,Forced air
3489,Central
3490,3 spaces
3491,"3,118 sqft"
3492,"1504 Mcallister #1504D, San Francisco, CA 94115 "
3493,1 bed
3494,1 bath
3495,"1,346 sqft"
3496," $1,050,000  "
3497, 05/10/18  
3498,Condo
3499,No Data
3500,No Data
3501,No Data
3502,No Data
3503,No Data
3504,"2050 16th Ave, San Francisco, CA 94116 "
3505,4 beds
3506,2 baths
3507,"2,340 sqft"
3508," $1,938,000  "
3509, 05/10/18  
3510,Single Family
3511,1941
3512,"Baseboard, Forced air"
3513,Central
3514,Attached Garage
3515,"4,081 sqft"
3516,"764 Elizabeth St, San Francisco, CA 94114 "
3517,3 beds
3518,2 baths
3519,"1,940 sqft"
3520," $2,125,000  "
3521, 05/10/18  
3522,Single Family
3523,1908
3524,No Data
3525,None
3526,Attached Garage
3527,"2,962 sqft"
3528,"211 Divisadero St, San Francisco, CA 94117 "
3529,4 beds
3530,3.5 baths
3531,"2,554 sqft"
3532," $2,900,000  "
3533, 05/10/18  
3534,Single Family
3535,1900
3536,Forced air
3537,Central
3538,Attached Garage
3539,"2,613 sqft"
3540,"3669 21st St, San Francisco, CA 94114 "
3541,2 beds
3542,1 bath
3543,"1,071 sqft"
3544," $6,500,000  "
3545, 05/10/18  
3546,Single Family
3547,1900
3548,No Data
3549,None
3550,No Data
3551,"6,926 sqft"
3552,"1504B Mcallister St, San Francisco, CA 94115 "
3553,3 beds
3554,1 bath
3555,-- sqft
3556," $1,329,000  "
3557, 05/09/18  
3558,Multi Family
3559,No Data
3560,No Data
3561,No Data
3562,No Data
3563,No Data
3564,"2040 Fell St APT 12, San Francisco, CA 94117 "
3565,2 beds
3566,1 bath
3567,"1,593 sqft"
3568," $1,365,000  "
3569, 05/09/18  
3570,Condo
3571,1925
3572,Forced air
3573,Central
3574,No Data
3575,$571/month
3576,"3515 Pacific Ave, San Francisco, CA 94118 "
3577,6 beds
3578,6.5 baths
3579,"5,705 sqft"
3580," $9,750,000  "
3581, 05/09/18  
3582,Single Family
3583,1911
3584,Forced air
3585,None
3586,Attached Garage
3587,"4,129 sqft"
3588,"126 Commonwealth Ave, San Francisco, CA 94118 "
3589,5 beds
3590,5.5 baths
3591,"7,245 sqft"
3592," $9,000,000  "
3593, 05/09/18  
3594,Single Family
3595,1907
3596,No Data
3597,No Data
3598,Attached Garage
3599,"7,161 sqft"
3600,"851 42nd Ave, San Francisco, CA 94121 "
3601,4 beds
3602,3 baths
3603,"2,551 sqft"
3604," $2,100,000  "
3605, 05/09/18  
3606,Single Family
3607,1926
3608,No Data
3609,No Data
3610,2 spaces
3611,"3,000 sqft"
3612,"1731 Grove St, San Francisco, CA 94117 "
3613,2 beds
3614,2 baths
3615,"1,400 sqft"
3616," $1,700,000  "
3617, 05/09/18  
3618,Condo
3619,1911
3620,Forced air
3621,None
3622,1 space
3623,$300/month
3624,"850 Corbett Ave APT 4, San Francisco, CA 94131 "
3625,2 beds
3626,2 baths
3627,"1,730 sqft"
3628," $906,667  "
3629, 05/09/18  
3630,Condo
3631,2003
3632,Heat pump
3633,None
3634,1 space
3635,No Data
3636,"499 33rd Ave APT 301, San Francisco, CA 94121 "
3637,3 beds
3638,2.5 baths
3639,"1,299 sqft"
3640," $595,000  "
3641, 05/09/18  
3642,Condo
3643,2004
3644,Forced air
3645,Central
3646,Attached Garage
3647,$485/month
3648,"2750 Market St APT 103, San Francisco, CA 94114 "
3649,2 beds
3650,2 baths
3651,"1,491 sqft"
3652," $1,275,000  "
3653, 05/08/18  
3654,Condo
3655,1981
3656,Forced air
3657,No Data
3658,1 space
3659,$658/month
3660,"1894 45th Ave, San Francisco, CA 94122 "
3661,-- beds
3662,1 bath
3663,"1,214 sqft"
3664," $1,300,000  "
3665, 05/08/18  
3666,Single Family
3667,1945
3668,No Data
3669,No Data
3670,No Data
3671,"1,746 sqft"
3672,"710 44th Ave, San Francisco, CA 94121 "
3673,4 beds
3674,2 baths
3675,"1,355 sqft"
3676," $1,550,000  "
3677, 05/08/18  
3678,Single Family
3679,1939
3680,Forced air
3681,Central
3682,Attached Garage
3683,"1,751 sqft"
3684,"2999 California St # 605, San Francisco, CA 94115 "
3685,1 bed
3686,1 bath
3687,618 sqft
3688," $705,000  "
3689, 05/08/18  
3690,Apartment
3691,1929
3692,No Data
3693,No Data
3694,Attached Garage
3695,No Data
3696,"850 Shrader St, San Francisco, CA 94117 "
3697,4 beds
3698,3.5 baths
3699,"2,650 sqft"
3700," $2,850,000  "
3701, 05/08/18  
3702,Condo
3703,1906
3704,No Data
3705,No Data
3706,No Data
3707,No Data
3708,"2051 Scott St APT 203, San Francisco, CA 94115 "
3709,2 beds
3710,1 bath
3711,733 sqft
3712," $969,000  "
3713, 05/08/18  
3714,Condo
3715,1915
3716,No Data
3717,No Data
3718,No Data
3719,$350/month
3720,"2440 Bush St # A, San Francisco, CA 94115 "
3721,3 beds
3722,2 baths
3723,"1,496 sqft"
3724," $2,307,000  "
3725, 05/08/18  
3726,Condo
3727,1985
3728,Forced air
3729,Central
3730,Attached Garage
3731,$290/month
3732,"925 Fulton St, San Francisco, CA 94117 "
3733,6 beds
3734,3 baths
3735,"4,900 sqft"
3736," $4,300,000  "
3737, 05/08/18  
3738,Single Family
3739,1895
3740,Forced air
3741,None
3742,2 spaces
3743,"5,173 sqft"
3744,"2238 Kirkham St, San Francisco, CA 94122 "
3745,3 beds
3746,2 baths
3747,"2,100 sqft"
3748," $1,149,000  "
3749, 05/08/18  
3750,Single Family
3751,1931
3752,Forced air
3753,Central
3754,Attached Garage
3755,"2,495 sqft"
3756,"120 Marview Way, San Francisco, CA 94131 "
3757,-- beds
3758,1 bath
3759,"1,260 sqft"
3760," $1,100,000  "
3761, 05/08/18  
3762,Single Family
3763,1958
3764,No Data
3765,No Data
3766,No Data
3767,"3,075 sqft"
3768,"1945 Washington St APT 602, San Francisco, CA 94109 "
3769,1 bed
3770,1 bath
3771,653 sqft
3772," $851,000  "
3773, 05/08/18  
3774,Condo
3775,1987
3776,No Data
3777,No Data
3778,Attached Garage
3779,$584/month
3780,"2735 Green St, San Francisco, CA 94123 "
3781,-- beds
3782,4 baths
3783,"2,644 sqft"
3784," $1,977,500  "
3785, 05/08/18  
3786,Single Family
3787,1902
3788,No Data
3789,No Data
3790,No Data
3791,"6,875 sqft"
3792,"28 Yukon St, San Francisco, CA 94114 "
3793,2 beds
3794,1 bath
3795,998 sqft
3796," $1,501,000  "
3797, 05/08/18  
3798,Condo
3799,1949
3800,Forced air
3801,Central
3802,Attached Garage
3803,$200/month
3804,"1351 23rd Ave, San Francisco, CA 94122 "
3805,2 beds
3806,1 bath
3807,912 sqft
3808," $1,425,000  "
3809, 05/08/18  
3810,Single Family
3811,1911
3812,No Data
3813,No Data
3814,No Data
3815,"3,005 sqft"
3816,"355 Buena Vista Ave E UNIT 701W, San Francisco, CA 94117 "
3817,1 bed
3818,1 bath
3819,747 sqft
3820," $1,100,000  "
3821, 05/08/18  
3822,Condo
3823,1986
3824,No Data
3825,No Data
3826,No Data
3827,$729/month
3828,"1970 Sutter St APT 203, San Francisco, CA 94115 "
3829,1 bed
3830,2 baths
3831,"1,075 sqft"
3832," $1,034,000  "
3833, 05/08/18  
3834,Condo
3835,2001
3836,No Data
3837,No Data
3838,No Data
3839,No Data
3840,"445 Ortega St, San Francisco, CA 94122 "
3841,2 beds
3842,1 bath
3843,976 sqft
3844," $2,400,000  "
3845, 05/07/18  
3846,Single Family
3847,1950
3848,No Data
3849,No Data
3850,No Data
3851,"8,851 sqft"
3852,"3997 Washington St, San Francisco, CA 94118 "
3853,4 beds
3854,2 baths
3855,"2,070 sqft"
3856," $3,300,000  "
3857, 05/07/18  
3858,Condo
3859,1905
3860,No Data
3861,No Data
3862,No Data
3863,No Data
3864,"1718 24th Ave, San Francisco, CA 94122 "
3865,3 beds
3866,2 baths
3867,"2,010 sqft"
3868," $1,800,000  "
3869, 05/07/18  
3870,Single Family
3871,1930
3872,No Data
3873,No Data
3874,Attached Garage
3875,"3,000 sqft"
3876,"25-35 Dolores St APT 205, San Francisco, CA 94103 "
3877,1 bed
3878,1 bath
3879,652 sqft
3880," $860,000  "
3881, 05/07/18  
3882,Condo
3883,2015
3884,No Data
3885,No Data
3886,No Data
3887,No Data
3888,"4651 California St, San Francisco, CA 94118 "
3889,4 beds
3890,2.75 baths
3891,"2,320 sqft"
3892," $2,650,000  "
3893, 05/07/18  
3894,Single Family
3895,1911
3896,No Data
3897,No Data
3898,Attached Garage
3899,"2,382 sqft"
3900,"463 Waller St, San Francisco, CA 94117 "
3901,3 beds
3902,3 baths
3903,"1,925 sqft"
3904," $1,463,000  "
3905, 05/05/18  
3906,Condo
3907,1908
3908,Forced air
3909,Central
3910,None
3911,$391/month
3912,"190 Arguello Blvd # 1, San Francisco, CA 94118 "
3913,1 bed
3914,1 bath
3915,784 sqft
3916," $950,000  "
3917, 05/04/18  
3918,Condo
3919,1900
3920,Forced air
3921,No Data
3922,None
3923,$250/month
3924,"50 7th Ave, San Francisco, CA 94118 "
3925,2 beds
3926,1 bath
3927,"1,582 sqft"
3928," $1,600,000  "
3929, 05/04/18  
3930,Condo
3931,1925
3932,Forced air
3933,None
3934,1 space
3935,No Data
3936,"533 Steiner St, San Francisco, CA 94117 "
3937,3 beds
3938,2 baths
3939,"2,057 sqft"
3940," $1,925,000  "
3941, 05/04/18  
3942,Condo
3943,1906
3944,Forced air
3945,Central
3946,No Data
3947,$377/month
3948,"2254-2258a Union, San Francisco, CA 94123 "
3949,5 beds
3950,3 baths
3951,"5,400 sqft"
3952," $4,325,000  "
3953, 05/04/18  
3954,Single Family
3955,No Data
3956,No Data
3957,No Data
3958,No Data
3959,No Data
3960,"2200 Sacramento St APT 702, San Francisco, CA 94115 "
3961,2 beds
3962,2 baths
3963,"1,139 sqft"
3964," $1,825,000  "
3965, 05/04/18  
3966,Condo
3967,1964
3968,No Data
3969,No Data
3970,No Data
3971,No Data
3972,"23 Belcher St, San Francisco, CA 94114 "
3973,2 beds
3974,1 bath
3975,"1,440 sqft"
3976," $1,700,000  "
3977, 05/04/18  
3978,Condo
3979,1900
3980,Forced air
3981,No Data
3982,Attached Garage
3983,No Data
3984,"3247 Steiner St, San Francisco, CA 94123 "
3985,3 beds
3986,2.5 baths
3987,"1,770 sqft"
3988," $2,100,000  "
3989, 05/04/18  
3990,Condo
3991,No Data
3992,Forced air
3993,Central
3994,Attached Garage
3995,No Data
3996,"1217 Stanyan St, San Francisco, CA 94117 "
3997,2 beds
3998,1 bath
3999,"1,550 sqft"
4000," $2,200,000  "
4001, 05/04/18  
4002,Single Family
4003,1926
4004,Forced air
4005,Central
4006,Attached Garage
4007,"3,049 sqft"
4008,"190 Arguello Blvd # 1, San Francisco, CA 94118 "
4009,1 bed
4010,1 bath
4011,784 sqft
4012," $950,000  "
4013, 05/04/18  
4014,Condo
4015,1900
4016,No Data
4017,No Data
4018,None
4019,$250/month
4020,"558 25th Ave, San Francisco, CA 94121 "
4021,4 beds
4022,2 baths
4023,"1,800 sqft"
4024," $1,702,000  "
4025, 05/04/18  
4026,Single Family
4027,1914
4028,Forced air
4029,Central
4030,Attached Garage
4031,"3,049 sqft"
4032,"354 Sanchez St, San Francisco, CA 94114 "
4033,2 beds
4034,2 baths
4035,"1,232 sqft"
4036," $1,632,000  "
4037, 05/04/18  
4038,Condo
4039,1890
4040,Forced air
4041,Central
4042,No Data
4043,$250/month
4044,"2077 Golden Gate Ave, San Francisco, CA 94115 "
4045,3 beds
4046,2 baths
4047,"1,727 sqft"
4048," $1,630,000  "
4049, 05/04/18  
4050,Condo
4051,No Data
4052,No Data
4053,No Data
4054,Attached Garage
4055,$350/month
4056,"680 Haight St, San Francisco, CA 94117 "
4057,6 beds
4058,2 baths
4059,"2,995 sqft"
4060," $2,750,000  "
4061, 05/04/18  
4062,Multi Family
4063,1890
4064,Heat pump
4065,No Data
4066,On street
4067,No Data
4068,"2256 Union St # 2258, San Francisco, CA 94123 "
4069,6 beds
4070,4 baths
4071,"5,400 sqft"
4072," $4,325,000  "
4073, 05/04/18  
4074,Single Family
4075,1910
4076,No Data
4077,No Data
4078,No Data
4079,"3,437 sqft"
4080,"1905 Laguna St APT 305, San Francisco, CA 94115 "
4081,1 bed
4082,1 bath
4083,768 sqft
4084," $932,500  "
4085, 05/04/18  
4086,Condo
4087,1924
4088,No Data
4089,No Data
4090,2 spaces
4091,$477/month
4092,"1417 25th Ave, San Francisco, CA 94122 "
4093,2 beds
4094,1 bath
4095,955 sqft
4096," $1,235,000  "
4097, 05/03/18  
4098,Condo
4099,1948
4100,No Data
4101,No Data
4102,No Data
4103,No Data
4104,"1359 26th Ave, San Francisco, CA 94122 "
4105,2 beds
4106,2 baths
4107,"2,657 sqft"
4108," $3,168,000  "
4109, 05/03/18  
4110,Condo
4111,1980
4112,No Data
4113,No Data
4114,No Data
4115,No Data
4116,"984 Corbett Ave, San Francisco, CA 94131 "
4117,3 beds
4118,2 baths
4119,"1,177 sqft"
4120," $1,550,000  "
4121, 05/03/18  
4122,Single Family
4123,1947
4124,Forced air
4125,None
4126,Attached Garage
4127,"1,751 sqft"
4128,"786 42nd Ave, San Francisco, CA 94121 "
4129,2 beds
4130,2 baths
4131,"1,825 sqft"
4132," $1,285,000  "
4133, 05/03/18  
4134,Single Family
4135,1900
4136,No Data
4137,No Data
4138,No Data
4139,"2,374 sqft"
4140,"1357 26th Ave # 101, San Francisco, CA 94122 "
4141,2 beds
4142,3 baths
4143,"2,002 sqft"
4144," $1,500,000  "
4145, 05/03/18  
4146,Condo
4147,1980
4148,No Data
4149,No Data
4150,No Data
4151,No Data
4152,"2219 Scott St, San Francisco, CA 94115 "
4153,5 beds
4154,5.5 baths
4155,"6,350 sqft"
4156," $9,600,000  "
4157, 05/03/18  
4158,Single Family
4159,1910
4160,No Data
4161,No Data
4162,No Data
4163,"4,891 sqft"
4164,"1770 Pacific Ave APT 101, San Francisco, CA 94109 "
4165,2 beds
4166,2 baths
4167,"1,246 sqft"
4168," $1,350,000  "
4169, 05/03/18  
4170,Condo
4171,1902
4172,No Data
4173,No Data
4174,No Data
4175,$648/month
4176,"1858 10th Ave, San Francisco, CA 94122 "
4177,2 beds
4178,1 bath
4179,"1,346 sqft"
4180," $1,615,000  "
4181, 05/03/18  
4182,Single Family
4183,1921
4184,No Data
4185,No Data
4186,Attached Garage
4187,"3,001 sqft"
4188,"722 23rd Ave, San Francisco, CA 94121 "
4189,3 beds
4190,1.25 baths
4191,"2,008 sqft"
4192," $1,778,000  "
4193, 05/02/18  
4194,Single Family
4195,1922
4196,Forced air
4197,Central
4198,No Data
4199,"3,001 sqft"
4200,"11 Kronquist Ct, San Francisco, CA 94131 "
4201,3 beds
4202,2 baths
4203,"1,307 sqft"
4204," $2,050,000  "
4205, 05/02/18  
4206,Single Family
4207,1949
4208,Forced air
4209,None
4210,Attached Garage
4211,"3,049 sqft"
4212,"2208 Sutter St # 1, San Francisco, CA 94115 "
4213,2 beds
4214,2 baths
4215,"1,353 sqft"
4216," $1,805,000  "
4217, 05/02/18  
4218,Condo
4219,1996
4220,Forced air
4221,Central
4222,1 space
4223,$280/month
4224,"187 Skyview Way, San Francisco, CA 94131 "
4225,2 beds
4226,1 bath
4227,"1,049 sqft"
4228," $1,400,000  "
4229, 05/02/18  
4230,Single Family
4231,1956
4232,No Data
4233,No Data
4234,Attached Garage
4235,"3,371 sqft"
4236,"1756 36th Ave # 1758, San Francisco, CA 94122 "
4237,5 beds
4238,3 baths
4239,"2,360 sqft"
4240," $1,900,000  "
4241, 05/02/18  
4242,Single Family
4243,1939
4244,Forced air
4245,None
4246,1 space
4247,"3,001 sqft"
4248,"119 Hancock St, San Francisco, CA 94114 "
4249,2 beds
4250,2 baths
4251,"1,029 sqft"
4252," $1,450,000  "
4253, 05/02/18  
4254,Condo
4255,1900
4256,Forced air
4257,Central
4258,Attached Garage
4259,$400/month
4260,"656 Arguello Blvd APT 3, San Francisco, CA 94118 "
4261,2 beds
4262,2 baths
4263,"1,050 sqft"
4264," $1,375,000  "
4265, 05/02/18  
4266,Condo
4267,1995
4268,Forced air
4269,No Data
4270,1 space
4271,$280/month
4272,"226 17th Ave APT 1, San Francisco, CA 94121 "
4273,4 beds
4274,2.5 baths
4275,"2,255 sqft"
4276," $2,037,000  "
4277, 05/02/18  
4278,Condo
4279,2004
4280,Forced air
4281,Central
4282,2 spaces
4283,$260/month
4284,"1987 44th Ave, San Francisco, CA 94116 "
4285,2 beds
4286,1 bath
4287,"1,351 sqft"
4288," $1,310,000  "
4289, 05/01/18  
4290,Single Family
4291,1947
4292,Forced air
4293,None
4294,Attached Garage
4295,"1,746 sqft"
4296,"565 Arguello Blvd APT 4, San Francisco, CA 94118 "
4297,3 beds
4298,3 baths
4299,"1,833 sqft"
4300," $1,870,000  "
4301, 05/01/18  
4302,Condo
4303,2007
4304,Forced air
4305,Central
4306,No Data
4307,$600/month
4308,"565 Arguello Blvd APT 3, San Francisco, CA 94118 "
4309,2 beds
4310,2 baths
4311,800 sqft
4312," $1,870,000  "
4313, 05/01/18  
4314,Condo
4315,2007
4316,Forced air
4317,No Data
4318,Attached Garage
4319,No Data
4320,"4434 23rd St, San Francisco, CA 94114 "
4321,3 beds
4322,2 baths
4323,"2,206 sqft"
4324," $2,600,000  "
4325, 05/01/18  
4326,Single Family
4327,1903
4328,Forced air
4329,No Data
4330,Attached Garage
4331,"2,850 sqft"
4332,"1839 47th Ave, San Francisco, CA 94122 "
4333,3 beds
4334,2 baths
4335,"1,200 sqft"
4336," $500,000  "
4337, 05/01/18  
4338,Single Family
4339,1944
4340,No Data
4341,No Data
4342,Attached Garage
4343,"3,000 sqft"
4344,"1450 Post St APT 1005, San Francisco, CA 94109 "
4345,1 bed
4346,1 bath
4347,519 sqft
4348," $158,500  "
4349, 05/01/18  
4350,Condo
4351,1992
4352,No Data
4353,No Data
4354,Attached Garage
4355,$4368/month
4356,"290 21st Ave # 296, San Francisco, CA 94121 "
4357,4 beds
4358,4 baths
4359,"5,578 sqft"
4360," $1,070,000  "
4361, 05/01/18  
4362,Single Family
4363,1922
4364,No Data
4365,No Data
4366,No Data
4367,"3,250 sqft"
4368,"2409 Vallejo St, San Francisco, CA 94123 "
4369,2 beds
4370,2.5 baths
4371,"1,664 sqft"
4372," $3,515,000  "
4373, 05/01/18  
4374,Single Family
4375,1941
4376,Forced air
4377,Central
4378,Attached Garage
4379,871 sqft
4380,"2040 Franklin St APT 1409, San Francisco, CA 94109 "
4381,-- beds
4382,2 baths
4383,"1,630 sqft"
4384," $1,075,000  "
4385, 05/01/18  
4386,Condo
4387,1966
4388,No Data
4389,No Data
4390,No Data
4391,No Data
4392,"125 25th Ave, San Francisco, CA 94121 "
4393,3 beds
4394,3.5 baths
4395,"2,900 sqft"
4396," $2,779,000  "
4397, 05/01/18  
4398,Single Family
4399,1916
4400,No Data
4401,No Data
4402,Attached Garage
4403,"3,720 sqft"
4404,"400 Grove St UNIT 102, San Francisco, CA 94102 "
4405,1 bed
4406,1 bath
4407,678 sqft
4408," $830,000  "
4409, 05/01/18  
4410,Condo
4411,2015
4412,No Data
4413,No Data
4414,No Data
4415,No Data
4416,"2031 29th Ave, San Francisco, CA 94116 "
4417,2 beds
4418,2 baths
4419,"1,300 sqft"
4420," $1,388,000  "
4421, 04/30/18  
4422,Single Family
4423,1946
4424,Forced air
4425,Central
4426,1 space
4427,"3,001 sqft"
4428,"1118 Noriega St, San Francisco, CA 94122 "
4429,3 beds
4430,2 baths
4431,"1,275 sqft"
4432," $1,429,000  "
4433, 04/30/18  
4434,Single Family
4435,1960
4436,No Data
4437,No Data
4438,No Data
4439,"2,500 sqft"
4440,"56 Clipper St, San Francisco, CA 94114 "
4441,4 beds
4442,3.5 baths
4443,"2,500 sqft"
4444," $3,250,000  "
4445, 04/27/18  
4446,Single Family
4447,1902
4448,No Data
4449,No Data
4450,Attached Garage
4451,"2,901 sqft"
4452,"543 22nd Ave, San Francisco, CA 94121 "
4453,4 beds
4454,4.5 baths
4455,"2,071 sqft"
4456," $2,350,000  "
4457, 04/27/18  
4458,Single Family
4459,1919
4460,Forced air
4461,Central
4462,No Data
4463,"2,996 sqft"
4464,"1579 Funston Ave, San Francisco, CA 94122 "
4465,4 beds
4466,1.5 baths
4467,"1,805 sqft"
4468," $2,100,000  "
4469, 04/27/18  
4470,Single Family
4471,1925
4472,No Data
4473,No Data
4474,No Data
4475,"2,482 sqft"
4476,"825 La Playa St APT 227, San Francisco, CA 94121 "
4477,1 bed
4478,1 bath
4479,784 sqft
4480," $680,000  "
4481, 04/27/18  
4482,Condo
4483,1983
4484,Forced air
4485,Central
4486,1 space
4487,$707/month
4488,"2614 Fulton St, San Francisco, CA 94118 "
4489,3 beds
4490,2 baths
4491,"1,328 sqft"
4492," $1,400,000  "
4493, 04/27/18  
4494,Single Family
4495,1925
4496,No Data
4497,No Data
4498,No Data
4499,"2,613 sqft"
4500,"2033 Pine St, San Francisco, CA 94115 "
4501,3 beds
4502,2.2 baths
4503,"1,600 sqft"
4504," $2,040,000  "
4505, 04/27/18  
4506,Single Family
4507,1910
4508,No Data
4509,No Data
4510,No Data
4511,No Data
4512,"1330 Hayes St APT 2, San Francisco, CA 94117 "
4513,1 bed
4514,1 bath
4515,603 sqft
4516," $849,000  "
4517, 04/27/18  
4518,Condo
4519,1911
4520,No Data
4521,No Data
4522,No Data
4523,No Data
4524,"1542 21st Ave, San Francisco, CA 94122 "
4525,-- beds
4526,1 bath
4527,"1,765 sqft"
4528," $1,275,000  "
4529, 04/27/18  
4530,Single Family
4531,1926
4532,No Data
4533,No Data
4534,No Data
4535,"2,996 sqft"
4536,"4408 17th St, San Francisco, CA 94114 "
4537,2 beds
4538,1 bath
4539,995 sqft
4540," $1,450,000  "
4541, 04/27/18  
4542,Condo
4543,1947
4544,Forced air
4545,None
4546,Attached Garage
4547,$350/month
4548,"1522 17th Ave, San Francisco, CA 94122 "
4549,3 beds
4550,1 bath
4551,"1,200 sqft"
4552," $1,650,000  "
4553, 04/27/18  
4554,Single Family
4555,1947
4556,No Data
4557,No Data
4558,Carport
4559,"3,000 sqft"
4560,"8 Octavia St UNIT 407, San Francisco, CA 94102 "
4561,Studio
4562,1 bath
4563,385 sqft
4564," $287,500  "
4565, 04/27/18  
4566,Condo
4567,2014
4568,Forced air
4569,Central
4570,No Data
4571,$643/month
4572,"506 Eureka St, San Francisco, CA 94114 "
4573,3 beds
4574,4 baths
4575,"2,168 sqft"
4576," $2,320,000  "
4577, 04/27/18  
4578,Single Family
4579,1914
4580,No Data
4581,No Data
4582,1 space
4583,"1,777 sqft"
4584,"605 Waller St, San Francisco, CA 94117 "
4585,4 beds
4586,3 baths
4587,"2,459 sqft"
4588," $2,725,000  "
4589, 04/27/18  
4590,Condo
4591,1890
4592,Forced air
4593,Central
4594,1 space
4595,$452/month
4596,"2033 Pine St, San Francisco, CA 94115 "
4597,3 beds
4598,2 baths
4599,"1,710 sqft"
4600," $2,040,000  "
4601, 04/27/18  
4602,Condo
4603,1910
4604,Forced air
4605,Central
4606,1 space
4607,$490/month
4608,"141 6th Ave, San Francisco, CA 94118 "
4609,4 beds
4610,3 baths
4611,"1,839 sqft"
4612," $2,700,000  "
4613, 04/27/18  
4614,Single Family
4615,1900
4616,No Data
4617,No Data
4618,No Data
4619,"2,992 sqft"
4620,"1335 8th Ave, San Francisco, CA 94122 "
4621,2 beds
4622,1 bath
4623,"1,187 sqft"
4624," $1,375,000  "
4625, 04/27/18  
4626,Condo
4627,1908
4628,Forced air
4629,Central
4630,1 space
4631,$267/month
4632,"65 Shore View Ave, San Francisco, CA 94121 "
4633,5 beds
4634,5 baths
4635,"4,465 sqft"
4636," $3,206,500  "
4637, 04/27/18  
4638,Single Family
4639,1919
4640,Forced air
4641,Central
4642,Detached Garage
4643,"3,598 sqft"
4644,"506 Eureka St, San Francisco, CA 94114 "
4645,3 beds
4646,4 baths
4647,"2,168 sqft"
4648," $2,320,000  "
4649, 04/27/18  
4650,Single Family
4651,1914
4652,No Data
4653,No Data
4654,1 space
4655,"1,777 sqft"
4656,"676 Clarendon Ave, San Francisco, CA 94131 "
4657,2 beds
4658,3 baths
4659,"1,485 sqft"
4660," $1,190,000  "
4661, 04/27/18  
4662,Condo
4663,1977
4664,Forced air
4665,None
4666,2 spaces
4667,$724/month
4668,"1418 16th Ave, San Francisco, CA 94122 "
4669,-- beds
4670,1 bath
4671,"1,250 sqft"
4672," $1,600,000  "
4673, 04/27/18  
4674,Single Family
4675,1923
4676,No Data
4677,No Data
4678,No Data
4679,"3,184 sqft"
4680,"605 Waller St, San Francisco, CA 94117 "
4681,4 beds
4682,3 baths
4683,"2,459 sqft"
4684," $2,725,000  "
4685, 04/27/18  
4686,Condo
4687,1890
4688,Forced air
4689,Central
4690,1 space
4691,$452/month
4692,"188 Quane St, San Francisco, CA 94110 "
4693,2 beds
4694,3 baths
4695,"1,047 sqft"
4696," $1,500,000  "
4697, 04/26/18  
4698,Single Family
4699,2018
4700,Radiant
4701,No Data
4702,Carport
4703,"3,524 sqft"
4704,"1 Baker St APT 5B, San Francisco, CA 94117 "
4705,2 beds
4706,2 baths
4707,"1,337 sqft"
4708," $1,225,000  "
4709, 04/26/18  
4710,Condo
4711,1982
4712,Forced air
4713,Central
4714,Attached Garage
4715,$790/month
4716,"442 Sanchez St, San Francisco, CA 94114 "
4717,1 bed
4718,1 bath
4719,732 sqft
4720," $1,098,000  "
4721, 04/26/18  
4722,Condo
4723,1915
4724,Forced air
4725,Central
4726,Attached Garage
4727,$200/month
4728,"515 Noe St, San Francisco, CA 94114 "
4729,2 beds
4730,2 baths
4731,"1,395 sqft"
4732," $2,010,000  "
4733, 04/26/18  
4734,Single Family
4735,1947
4736,Forced air
4737,Central
4738,Attached Garage
4739,"1,441 sqft"
4740,"442 Sanchez St # 101, San Francisco, CA 94114 "
4741,1 bed
4742,1 bath
4743,732 sqft
4744," $1,098,000  "
4745, 04/26/18  
4746,Condo
4747,1915
4748,Other
4749,None
4750,1 space
4751,No Data
4752,"2040 Laguna St APT 403, San Francisco, CA 94115 "
4753,1 bed
4754,1 bath
4755,511 sqft
4756," $762,000  "
4757, 04/26/18  
4758,Condo
4759,1981
4760,Forced air
4761,Central
4762,Attached Garage
4763,$450/month
4764,"190 Cervantes Blvd APT 104, San Francisco, CA 94123 "
4765,-- beds
4766,1 bath
4767,775 sqft
4768," $780,000  "
4769, 04/26/18  
4770,Condo
4771,1992
4772,No Data
4773,No Data
4774,No Data
4775,No Data
4776,"800 Castro St, San Francisco, CA 94114 "
4777,2 beds
4778,2 baths
4779,"1,340 sqft"
4780," $1,856,000  "
4781, 04/26/18  
4782,Single Family
4783,1908
4784,No Data
4785,No Data
4786,No Data
4787,"1,742 sqft"
4788,"2040 Franklin St APT 1402, San Francisco, CA 94109 "
4789,1 bed
4790,1 bath
4791,"1,018 sqft"
4792," $930,000  "
4793, 04/26/18  
4794,Condo
4795,1966
4796,Baseboard
4797,No Data
4798,Attached Garage
4799,$800/month
4800,"2186 Vallejo St APT 4, San Francisco, CA 94123 "
4801,1 bed
4802,1 bath
4803,"1,128 sqft"
4804," $1,850,000  "
4805, 04/26/18  
4806,Condo
4807,1885
4808,Forced air
4809,Central
4810,Detached Garage
4811,$401/month
4812,"2737 Divisadero St, San Francisco, CA 94123 "
4813,3 beds
4814,4 baths
4815,"6,134 sqft"
4816," $9,600,000  "
4817, 04/25/18  
4818,Single Family
4819,1914
4820,No Data
4821,No Data
4822,No Data
4823,"3,781 sqft"
4824,"3065 Clay St # 5, San Francisco, CA 94115 "
4825,2 beds
4826,1 bath
4827,"1,184 sqft"
4828," $1,180,000  "
4829, 04/25/18  
4830,Condo
4831,1910
4832,No Data
4833,No Data
4834,No Data
4835,No Data
4836,"2200 Market St APT 203, San Francisco, CA 94114 "
4837,2 beds
4838,2 baths
4839,"1,059 sqft"
4840," $1,385,000  "
4841, 04/25/18  
4842,Condo
4843,2014
4844,Forced air
4845,Central
4846,None
4847,$581/month
4848,"1423 27th Ave, San Francisco, CA 94122 "
4849,4 beds
4850,2 baths
4851,"2,499 sqft"
4852," $1,320,000  "
4853, 04/25/18  
4854,Single Family
4855,1924
4856,No Data
4857,No Data
4858,No Data
4859,"3,000 sqft"
4860,"678 16th Ave, San Francisco, CA 94118 "
4861,4 beds
4862,3 baths
4863,"1,787 sqft"
4864," $533,000  "
4865, 04/25/18  
4866,Condo
4867,1922
4868,No Data
4869,No Data
4870,No Data
4871,No Data
4872,"248 6th Ave, San Francisco, CA 94118 "
4873,4 beds
4874,2.5 baths
4875,"2,408 sqft"
4876," $1,900,000  "
4877, 04/25/18  
4878,Single Family
4879,1902
4880,No Data
4881,No Data
4882,No Data
4883,"2,996 sqft"
4884,"780 Elizabeth St, San Francisco, CA 94114 "
4885,3 beds
4886,2 baths
4887,"2,790 sqft"
4888," $2,450,000  "
4889, 04/25/18  
4890,Single Family
4891,1900
4892,"Baseboard, Forced air"
4893,Central
4894,1 space
4895,"2,848 sqft"
4896,"3322 16th St APT 4, San Francisco, CA 94114 "
4897,2 beds
4898,1 bath
4899,850 sqft
4900," $1,125,000  "
4901, 04/25/18  
4902,Condo
4903,1907
4904,No Data
4905,No Data
4906,No Data
4907,No Data
4908,"527 20th Ave, San Francisco, CA 94121 "
4909,3 beds
4910,1.5 baths
4911,"1,900 sqft"
4912," $1,958,000  "
4913, 04/24/18  
4914,Single Family
4915,1916
4916,No Data
4917,No Data
4918,Attached Garage
4919,"3,001 sqft"
4920,"1583 33rd Ave, San Francisco, CA 94122 "
4921,3 beds
4922,2 baths
4923,"2,030 sqft"
4924," $1,800,000  "
4925, 04/23/18  
4926,Single Family
4927,1931
4928,Forced air
4929,Central
4930,Attached Garage
4931,"2,374 sqft"
4932,"46 Chabot Ter, San Francisco, CA 94118 "
4933,4 beds
4934,2 baths
4935,"1,928 sqft"
4936," $2,071,000  "
4937, 04/23/18  
4938,Single Family
4939,1941
4940,No Data
4941,No Data
4942,No Data
4943,"2,495 sqft"
4944,"863 26th Ave, San Francisco, CA 94121 "
4945,4 beds
4946,3 baths
4947,"2,189 sqft"
4948," $2,500,000  "
4949, 04/23/18  
4950,Single Family
4951,1990
4952,Forced air
4953,Central
4954,Attached Garage
4955,"2,500 sqft"
4956,"1814 43rd Ave, San Francisco, CA 94122 "
4957,3 beds
4958,2 baths
4959,"1,298 sqft"
4960," $1,600,000  "
4961, 04/20/18  
4962,Single Family
4963,1954
4964,No Data
4965,No Data
4966,No Data
4967,"2,064 sqft"
4968,"1425 11th Ave, San Francisco, CA 94122 "
4969,4 beds
4970,3 baths
4971,"2,000 sqft"
4972," $2,300,000  "
4973, 04/20/18  
4974,Single Family
4975,1908
4976,No Data
4977,No Data
4978,1 space
4979,"2,996 sqft"
4980,"4368 17th St, San Francisco, CA 94114 "
4981,3 beds
4982,3 baths
4983,"2,186 sqft"
4984," $2,200,000  "
4985, 04/20/18  
4986,Single Family
4987,1906
4988,No Data
4989,No Data
4990,1 space
4991,"2,400 sqft"
4992,"1821 15th St # 18, San Francisco, CA 94103 "
4993,-- beds
4994,-- baths
4995,"1,553 sqft"
4996," $1,865,000  "
4997, 04/20/18  
4998,Condo
4999,2000
5000,No Data
5001,No Data
5002,No Data
5003,No Data
5004,"130 Jersey St, San Francisco, CA 94114 "
5005,2 beds
5006,1 bath
5007,"1,030 sqft"
5008," $1,510,000  "
5009, 04/20/18  
5010,Condo
5011,1912
5012,No Data
5013,No Data
5014,No Data
5015,No Data
5016,"2151 Sacramento St APT 4, San Francisco, CA 94109 "
5017,4 beds
5018,4 baths
5019,"2,528 sqft"
5020," $3,350,000  "
5021, 04/20/18  
5022,Condo
5023,1920
5024,No Data
5025,No Data
5026,Attached Garage
5027,$650/month
5028,"787 22nd Ave, San Francisco, CA 94121 "
5029,-- beds
5030,1 bath
5031,"1,680 sqft"
5032," $1,810,000  "
5033, 04/20/18  
5034,Single Family
5035,1921
5036,No Data
5037,No Data
5038,No Data
5039,"2,062 sqft"
5040,"615 Central Ave, San Francisco, CA 94117 "
5041,2 beds
5042,1 bath
5043,"1,520 sqft"
5044," $1,575,000  "
5045, 04/19/18  
5046,Condo
5047,1916
5048,No Data
5049,No Data
5050,No Data
5051,$350/month
5052,"3138 Anza St, San Francisco, CA 94121 "
5053,4 beds
5054,4 baths
5055,"2,280 sqft"
5056," $2,000,000  "
5057, 04/19/18  
5058,Single Family
5059,1914
5060,No Data
5061,No Data
5062,Attached Garage
5063,"2,705 sqft"
5064,"2785 Jackson St APT 2, San Francisco, CA 94115 "
5065,3 beds
5066,3 baths
5067,"1,950 sqft"
5068," $2,340,000  "
5069, 04/19/18  
5070,Condo
5071,1920
5072,Forced air
5073,No Data
5074,Attached Garage
5075,No Data
5076,"249 Grattan St, San Francisco, CA 94117 "
5077,3 beds
5078,2 baths
5079,"1,340 sqft"
5080," $1,525,000  "
5081, 04/19/18  
5082,Condo
5083,1908
5084,No Data
5085,No Data
5086,Carport
5087,$125/month
5088,"673 Guerrero St, San Francisco, CA 94110 "
5089,Studio
5090,-- baths
5091,"2,594 sqft"
5092," $2,300,000  "
5093, 04/19/18  
5094,Multi Family
5095,1955
5096,No Data
5097,No Data
5098,No Data
5099,No Data
5100,"1209 Sanchez St, San Francisco, CA 94114 "
5101,2 beds
5102,1.5 baths
5103,983 sqft
5104," $1,350,000  "
5105, 04/19/18  
5106,Condo
5107,1900
5108,No Data
5109,No Data
5110,Carport
5111,$300/month
5112,"350 Broderick St APT 315, San Francisco, CA 94117 "
5113,2 beds
5114,2 baths
5115,975 sqft
5116," $1,250,000  "
5117, 04/19/18  
5118,Multi Family
5119,2007
5120,No Data
5121,No Data
5122,Attached Garage
5123,No Data
5124,"1751 19th Ave, San Francisco, CA 94122 "
5125,3 beds
5126,3 baths
5127,"1,780 sqft"
5128," $1,150,000  "
5129, 04/19/18  
5130,Single Family
5131,1940
5132,No Data
5133,None
5134,Attached Garage
5135,"3,049 sqft"
5136,"1851 15th St APT 9, San Francisco, CA 94103 "
5137,2 beds
5138,1 bath
5139,"1,053 sqft"
5140," $1,100,000  "
5141, 04/19/18  
5142,Condo
5143,1983
5144,No Data
5145,No Data
5146,1 space
5147,No Data
5148,"1122 Elm St, San Francisco, CA 94115 "
5149,2 beds
5150,1 bath
5151,700 sqft
5152," $675,000  "
5153, 04/19/18  
5154,Condo
5155,1890
5156,No Data
5157,No Data
5158,"Off street, On street"
5159,No Data
5160,"780 Clipper St # 2, San Francisco, CA 94114 "
5161,-- beds
5162,-- baths
5163,"1,558 sqft"
5164," $1,550,000  "
5165, 04/17/18  
5166,Condo
5167,1982
5168,No Data
5169,No Data
5170,No Data
5171,No Data
5172,"1326 44th Ave, San Francisco, CA 94122 "
5173,2 beds
5174,2 baths
5175,"1,500 sqft"
5176," $1,430,000  "
5177, 04/17/18  
5178,Single Family
5179,1928
5180,Forced air
5181,Central
5182,Attached Garage
5183,"3,000 sqft"
5184,"28 Clayton St, San Francisco, CA 94117 "
5185,3 beds
5186,2 baths
5187,"1,550 sqft"
5188," $1,846,000  "
5189, 04/17/18  
5190,Condo
5191,1923
5192,"Forced air, Radiant"
5193,Central
5194,1 space
5195,$250/month
5196,"3454 Sacramento St # 3456, San Francisco, CA 94118 "
5197,Studio
5198,2 baths
5199,"4,058 sqft"
5200," $3,150,000  "
5201, 04/17/18  
5202,Single Family
5203,1909
5204,No Data
5205,No Data
5206,No Data
5207,"4,057 sqft"
5208,"2150 Bush St, San Francisco, CA 94115 "
5209,6 beds
5210,2 baths
5211,"3,305 sqft"
5212," $4,000,000  "
5213, 04/17/18  
5214,Single Family
5215,1890
5216,No Data
5217,No Data
5218,No Data
5219,"3,184 sqft"
5220,"6324 California St APT 2, San Francisco, CA 94121 "
5221,3 beds
5222,2 baths
5223,"1,409 sqft"
5224," $1,400,000  "
5225, 04/17/18  
5226,Condo
5227,2003
5228,Wall
5229,Central
5230,1 space
5231,No Data
5232,"906 Stanyan, San Francisco, CA 94117 "
5233,7 beds
5234,5 baths
5235,"5,000 sqft"
5236," $2,205,000  "
5237, 04/16/18  
5238,Multi Family
5239,No Data
5240,No Data
5241,No Data
5242,No Data
5243,No Data
5244,"3758 21st St, San Francisco, CA 94114 "
5245,2 beds
5246,2 baths
5247,-- sqft
5248," $1,530,000  "
5249, 04/16/18  
5250,Condo
5251,1907
5252,Forced air
5253,Central
5254,1 space
5255,$250/month
5256,"1476 Haight St, San Francisco, CA 94117 "
5257,-- beds
5258,-- baths
5259,600 sqft
5260," $120,000  "
5261, 04/16/18  
5262,Single Family
5263,No Data
5264,No Data
5265,No Data
5266,No Data
5267,No Data
5268,"1288 Mcallister St APT 302, San Francisco, CA 94115 "
5269,2 beds
5270,2 baths
5271,"1,300 sqft"
5272," $1,400,000  "
5273, 04/16/18  
5274,Condo
5275,1987
5276,No Data
5277,No Data
5278,1 space
5279,$616/month
